-- phpMyAdmin SQL Dump
-- version 5.1.1
-- https://www.phpmyadmin.net/
--
-- Host: 127.0.0.1
-- Generation Time: Apr 15, 2022 at 07:52 AM
-- Server version: 10.4.22-MariaDB
-- PHP Version: 7.4.26

SET SQL_MODE = "NO_AUTO_VALUE_ON_ZERO";
START TRANSACTION;
SET time_zone = "+00:00";


/*!40101 SET @OLD_CHARACTER_SET_CLIENT=@@CHARACTER_SET_CLIENT */;
/*!40101 SET @OLD_CHARACTER_SET_RESULTS=@@CHARACTER_SET_RESULTS */;
/*!40101 SET @OLD_COLLATION_CONNECTION=@@COLLATION_CONNECTION */;
/*!40101 SET NAMES utf8mb4 */;

--
-- Database: `magasin_toulons`
--

-- --------------------------------------------------------

--
-- Table structure for table `admin`
--

CREATE TABLE `admin` (
  `id` int(4) NOT NULL,
  `name` varchar(50) DEFAULT NULL,
  `avt` varchar(10) DEFAULT NULL,
  `email` varchar(20) DEFAULT NULL,
  `password` varchar(50) DEFAULT NULL
) ENGINE=InnoDB DEFAULT CHARSET=utf8mb4;

--
-- Dumping data for table `admin`
--

INSERT INTO `admin` (`id`, `name`, `avt`, `email`, `password`) VALUES
(1, 'Hai', 'avt image ', 'hai@gmail.com', '111111'),
(2, 'Hiep', 'avt image ', 'hiep@gmail.com', 'a'),
(3, 'Hung', 'avt image ', 'hung@gmail.com', '333333'),
(4, 'Thu', 'avt image ', 'thu@gmail.com', '444444'),
(5, 'Trung', 'avt image ', 'trung@gmail.com', '555555');

-- --------------------------------------------------------

--
-- Table structure for table `bill`
--

CREATE TABLE `bill` (
  `id` int(4) NOT NULL,
  `user` int(4) DEFAULT NULL,
  `admin` int(4) DEFAULT NULL,
  `status` int(4) DEFAULT NULL,
  `date` timestamp(6) NULL DEFAULT NULL,
  `address` varchar(255) DEFAULT NULL,
  `detail` longtext CHARACTER SET utf8mb4 COLLATE utf8mb4_bin DEFAULT NULL
) ENGINE=InnoDB DEFAULT CHARSET=utf8mb4;

--
-- Dumping data for table `bill`
--

INSERT INTO `bill` (`id`, `user`, `admin`, `status`, `date`, `address`, `detail`) VALUES
(1, 1, 1, 0, '2021-12-01 23:01:02.000000', 'address of bill number 1', '[{\"product\":1,\"quantity\":1},{\"product\":2,\"quantity\":4},{\"product\":3,\"quantity\":2}]'),
(2, 2, 2, 1, '2021-12-01 23:01:02.000000', 'address of bill number 2', '[{\"product\":6,\"quantity\":1},{\"product\":9,\"quantity\":4},{\"product\":3,\"quantity\":2}]'),
(3, 3, 3, 2, '2021-12-01 23:01:02.000000', 'address of bill number 3', '[{\"product\":1,\"quantity\":1},{\"product\":5,\"quantity\":4},{\"product\":3,\"quantity\":1}]'),
(4, 4, 1, 3, '2021-12-01 23:01:02.000000', 'address of bill number 4', '[{\"product\":3,\"quantity\":1},{\"product\":2,\"quantity\":4},{\"product\":7,\"quantity\":2}]'),
(5, 5, 2, 1, '2021-12-01 23:01:02.000000', 'address of bill number 5', '[{\"product\":6,\"quantity\":1},{\"product\":7,\"quantity\":4},{\"product\":8,\"quantity\":2}]');

-- --------------------------------------------------------

--
-- Table structure for table `category`
--

CREATE TABLE `category` (
  `id` int(4) NOT NULL,
  `category` varchar(15) NOT NULL,
  `name` varchar(15) CHARACTER SET utf8 COLLATE utf8_vietnamese_ci NOT NULL,
  `spec` longtext CHARACTER SET utf8mb4 COLLATE utf8mb4_bin DEFAULT NULL
) ENGINE=InnoDB DEFAULT CHARSET=utf8mb4;

--
-- Dumping data for table `category`
--

INSERT INTO `category` (`id`, `category`, `name`, `spec`) VALUES
(1, 'body', 'Thân máy', '{\"brand\":{\"name\":\"Thương hiệu\",\"input\":\"text\",\"filtre\":\"radio\",\"hasMany\":false,\"value\":{\"Canon\":\"Canon\",\"Nikon\":\"Nikon\",\"Sony\":\"Sony\",\"Fujifilm\":\"Fujifilm\",\"Hasselblad\":\"Hasselblad\",\"Leica\":\"Leica\",\"Olympus\":\"Olympus\"}},\"type\":{\"name\":\"Kiểu máy\",\"input\":\"radio\",\"filtre\":\"checkbox\",\"hasMany\":false,\"value\":{\"dslr\":\"DSLR\",\"mrl\":\"Mirrorless\",\"cine\":\"Máy quay chuyên dụng\"}},\"sensor\":{\"name\":\"Kích thước cảm biến\",\"input\":\"radio\",\"filtre\":\"checkbox\",\"hasMany\":false,\"value\":{\"med\":\"Medium Format\",\"ff\":\"FullFrame\",\"apsc\":\"Crop\",\"m43\":\"Micro Four Third\",\"cine\":\"Cine\"}}}'),
(2, 'lens', 'Ống kính', '{\"brand\":{\"name\":\"Thương hiệu\",\"input\":\"text\",\"filtre\":\"radio\",\"hasMany\":false,\"value\":{\"Canon\":\"Canon\",\"Nikon\":\"Nikon\",\"Sony\":\"Sony\",\"Fujifilm\":\"Fujifilm\",\"Sigma\":\"Sigma\",\"Tamron\":\"Tamron\"}},\"body\":{\"name\":\"Loại thân máy\",\"input\":\"radio\",\"filtre\":\"checkbox\",\"hasMany\":false,\"value\":{\"dslr\":\"DSLR\",\"mrl\":\"Mirrorless\",\"cine\":\"Máy quay chuyên dụng\"}},\"sensor\":{\"name\":\"Kích thước cảm biến\",\"input\":\"radio\",\"filtre\":\"checkbox\",\"hasMany\":false,\"value\":{\"med\":\"Medium Format\",\"ff\":\"FullFrame\",\"apsc\":\"Crop\",\"m43\":\"Micro Four Third\",\"cine\":\"Cine\"}},\"purpose\":{\"name\":\"Mục đích sử dụng\",\"input\":\"checkbox\",\"filtre\":\"checkbox\",\"hasMany\":true,\"value\":{\"fix\":\"Đơn tiêu cự\",\"tele\":\"Chụp Tele\",\"general\":\"Đa dụng\",\"wide\":\"Chụp phong cảnh\",\"macro\":\"Chụp Macro\",\"portrait\":\"Chụp chân dung\",\"fisheye\":\"Lens mắt cá\",\"cine\":\"Lens máy quay\",\"tshift\":\"Ống kính T-shift\",\"extender\":\"Extender - Converter\"}}}'),
(3, 'flash', 'Đèn Flash', '{\"brand\":{\"name\":\"Thương hiệu\",\"input\":\"text\",\"filtre\":\"radio\",\"hasMany\":false,\"value\":{\"Canon\":\"Canon\",\"Nikon\":\"Nikon\",\"Sony\":\"Sony\",\"Godox\":\"Godox\"}},\"body\":{\"name\":\"Loại thân máy\",\"input\":\"radio\",\"filtre\":\"checkbox\",\"hasMany\":false,\"value\":{\"Canon\":\"Canon\",\"Nikon\":\"Nikon\",\"Sony\":\"Sony\"}},\"power\":{\"name\":\"Công suất\",\"input\":\"radio\",\"filtre\":\"checkbox\",\"hasMany\":false,\"value\":{}}}');

-- --------------------------------------------------------

--
-- Table structure for table `comment`
--

CREATE TABLE `comment` (
  `id` int(4) NOT NULL,
  `user` int(4) DEFAULT NULL,
  `item` int(4) DEFAULT NULL,
  `content` longtext DEFAULT NULL
) ENGINE=InnoDB DEFAULT CHARSET=utf8mb4;

--
-- Dumping data for table `comment`
--

INSERT INTO `comment` (`id`, `user`, `item`, `content`) VALUES
(1, 10, 67, 'this is content of comment number 1'),
(2, 7, 94, 'this is content of comment number 2'),
(3, 8, 127, 'this is content of comment number 3'),
(4, 6, 54, 'this is content of comment number 4'),
(5, 1, 2, 'this is content of comment number 5'),
(6, 10, 105, 'this is content of comment number 6'),
(7, 6, 201, 'this is content of comment number 7'),
(8, 7, 225, 'this is content of comment number 8'),
(9, 6, 63, 'this is content of comment number 9'),
(10, 9, 98, 'this is content of comment number 10'),
(11, 10, 31, 'this is content of comment number 11'),
(12, 7, 243, 'this is content of comment number 12'),
(13, 10, 3, 'this is content of comment number 13'),
(14, 1, 99, 'this is content of comment number 14'),
(15, 8, 161, 'this is content of comment number 15'),
(16, 3, 49, 'this is content of comment number 16'),
(17, 4, 10, 'this is content of comment number 17'),
(18, 4, 91, 'this is content of comment number 18'),
(19, 5, 125, 'this is content of comment number 19'),
(20, 6, 233, 'this is content of comment number 20'),
(21, 7, 213, 'this is content of comment number 21'),
(22, 9, 110, 'this is content of comment number 22'),
(23, 6, 9, 'this is content of comment number 23'),
(24, 6, 111, 'this is content of comment number 24'),
(25, 9, 60, 'this is content of comment number 25'),
(26, 9, 82, 'this is content of comment number 26'),
(27, 9, 29, 'this is content of comment number 27'),
(28, 9, 63, 'this is content of comment number 28'),
(29, 1, 223, 'this is content of comment number 29'),
(30, 6, 124, 'this is content of comment number 30');

-- --------------------------------------------------------

--
-- Table structure for table `import`
--

CREATE TABLE `import` (
  `id` int(4) NOT NULL,
  `admin` int(4) DEFAULT NULL,
  `provider` longtext CHARACTER SET utf8mb4 COLLATE utf8mb4_bin DEFAULT NULL,
  `detail` longtext CHARACTER SET utf8mb4 COLLATE utf8mb4_bin DEFAULT NULL,
  `date` timestamp(6) NULL DEFAULT NULL
) ENGINE=InnoDB DEFAULT CHARSET=utf8mb4;

--
-- Dumping data for table `import`
--

INSERT INTO `import` (`id`, `admin`, `provider`, `detail`, `date`) VALUES
(1, 1, '{\"name\":\"Le Bao Minh\",\"address\":\"Thai Ha\",\"phone\":\"0123456789\"}', '[{\"product\":1,\"quantity\":1},{\"product\":2,\"quantity\":4},{\"product\":3,\"quantity\":2}]', '2021-12-01 23:01:02.000000'),
(2, 2, '{\"name\":\"VJC\",\"address\":\"Le Thanh Nghi\",\"phone\":\"0881273912\"}', '[{\"product\":6,\"quantity\":1},{\"product\":9,\"quantity\":4},{\"product\":3,\"quantity\":2}]', '2021-12-01 23:01:02.000000'),
(3, 3, '{\"name\":\"Sony Vietnam\",\"address\":\"Lang\",\"phone\":\"0161728789\"}', '[{\"product\":1,\"quantity\":1},{\"product\":5,\"quantity\":4},{\"product\":3,\"quantity\":1}]', '2021-12-01 23:01:02.000000'),
(4, 4, '{\"name\":\"Giang Duy Dat\",\"address\":\"Lang\",\"phone\":\"0182661773\"}', '[{\"product\":3,\"quantity\":1},{\"product\":2,\"quantity\":4},{\"product\":7,\"quantity\":2}]', '2021-12-01 23:01:02.000000'),
(5, 5, '{\"name\":\"Zshop\",\"address\":\"Hoan Kiem\",\"phone\":\"0918228117\"}', '[{\"product\":6,\"quantity\":1},{\"product\":7,\"quantity\":4},{\"product\":8,\"quantity\":2}]', '2021-12-01 23:01:02.000000');

-- --------------------------------------------------------

--
-- Table structure for table `item`
--

CREATE TABLE `item` (
  `id` int(4) NOT NULL,
  `name` varchar(50) DEFAULT NULL,
  `price_1` int(4) DEFAULT NULL,
  `price_2` int(4) DEFAULT NULL,
  `description` longtext DEFAULT NULL,
  `quantity` int(4) DEFAULT NULL,
  `sold` int(4) DEFAULT NULL,
  `category` varchar(15) DEFAULT NULL,
  `info` longtext CHARACTER SET utf8mb4 COLLATE utf8mb4_bin DEFAULT NULL
) ENGINE=InnoDB DEFAULT CHARSET=utf8mb4;

--
-- Dumping data for table `item`
--

INSERT INTO `item` (`id`, `name`, `price_1`, `price_2`, `description`, `quantity`, `sold`, `category`, `info`) VALUES
(1, 'Canon EOS 1Dx mark III', 170000, 0, 'desciption of product Canon EOS 1Dx mark III', 10, 1, 'body', '{\"image\":\"1\",\"video\":\"1\",\"brand\":\"Canon\",\"storage\":[1,2,3,4,5],\"type\":\"dslr\",\"sensor\":\"ff\"}'),
(2, 'Hasselblad X1D-50C', 210000, 0, 'desciption of product Hasselblad X1D-50C', 10, 1, 'body', '{\"image\":\"2\",\"video\":\"\",\"brand\":\"Hasselblad\",\"storage\":[1,2,3,4,5],\"type\":\"mrl\",\"sensor\":\"med\"}'),
(3, 'Nikon D6', 165000, 0, 'desciption of product Nikon D6', 10, 1, 'body', '{\"image\": \"3\",\"video\": \"3\",\"brand\": \"Nikon\",\"storage\":[1,2,3,4,5],\"type\": \"dslr\", \"sensor\": \"ff\"}'),
(4, 'Canon EOS R5', 100000, 0, 'desciption of product Canon EOS R5', 10, 1, 'body', '{\"image\": \"4\",\"video\": \"4\",\"brand\": \"Canon\",\"storage\":[1,2,3,4,5],\"type\": \"mrl\", \"sensor\": \"ff\"}'),
(5, 'Nikon Z7', 60500, 0, 'desciption of product Nikon Z7', 10, 1, 'body', '{\"image\": \"5\",\"video\": \"5\",\"brand\": \"Nikon\",\"storage\":[1,2,3,4,5],\"type\": \"mrl\", \"sensor\": \"ff\"}'),
(6, 'Canon CN20x50 IAS H P1', 1530000, 0, 'desciption of product Canon CN20x50 IAS H P1', 10, 1, 'lens', '{\"image\": \"6\",\"video\": \"\",\"brand\": \"Canon\",\"storage\":[1,2,3,4,5],\"body\": \"cine\",\"sensor\": \"cine\",\"purpose\": [\"cine\"]}'),
(7, 'Canon CN-E 14.5-60mm T2.6 L S', 894000, 0, 'desciption of product Canon CN-E 14.5-60mm T2.6 L S', 10, 1, 'lens', '{\"image\": \"7\",\"video\": \"\",\"brand\": \"Canon\",\"storage\":[1,2,3,4,5],\"body\": \"cine\",\"sensor\": \"cine\",\"purpose\": [\"cine\"]}'),
(8, 'Canon XF100', 63000, 0, 'desciption of product Canon XF100', 10, 1, 'body', '{\"image\": \"8\",\"video\": \"\",\"brand\": \"Canon\",\"storage\":[1,2,3,4,5],\"type\": \"cine\", \"sensor\": \"cine\"}'),
(9, 'Canon EOS C300 Mark II PL', 250000, 0, 'desciption of product Canon EOS C300 Mark II PL', 10, 1, 'body', '{\"image\": \"9\",\"video\": \"\",\"brand\": \"Canon\",\"storage\":[1,2,3,4,5],\"type\": \"cine\", \"sensor\": \"cine\"}'),
(10, 'Canon EOS C700', 770000, 0, 'desciption of product Canon EOS C700', 10, 1, 'body', '{\"image\": \"10\",\"video\": \"\",\"brand\": \"Canon\",\"storage\":[1,2,3,4,5],\"type\": \"cine\", \"sensor\": \"cine\"}'),
(11, 'Canon RF 70-200mm f2.8L IS USM', 62000, 0, 'desciption of product Canon RF 70-200mm f2.8L IS USM', 10, 1, 'lens', '{\"image\": \"11\",\"video\": \"11\",\"brand\": \"Canon\",\"storage\":[1,2,3,4,5],\"body\": \"mrl\",\"sensor\": \"ff\",\"purpose\": [\"tele\", \"general\", \"portrait\"]}'),
(12, 'Nikon Z9', 170000, 0, 'desciption of product Nikon Z9', 10, 1, 'body', '{\"image\": \"12\",\"video\": \"12\",\"brand\": \"Nikon\",\"storage\":[1,2,3,4,5],\"type\": \"mrl\", \"sensor\": \"ff\"}'),
(13, 'Canon EOS R3', 180000, 0, 'desciption of product Canon EOS R3', 10, 1, 'body', '{\"image\": \"13\",\"video\": \"13\",\"brand\": \"Canon\",\"storage\":[1,2,3,4,5],\"type\": \"mrl\", \"sensor\": \"ff\"}'),
(14, 'Nikon AF-S Nikkor 800mm F5.6 E FL ED VR', 415000, 0, 'desciption of product Nikon AF-S Nikkor 800mm F5.6 E FL ED VR', 10, 1, 'lens', '{\"image\": \"14\",\"video\": \"\",\"brand\": \"Nikon\",\"storage\":[1,2,3,4,5],\"body\": \"dslr\",\"sensor\": \"ff\",\"purpose\": [\"fix\", \"tele\"]}'),
(15, 'Canon EF 70-200mm f2.8L IS III USM', 54500, 0, 'desciption of product Canon EF 70-200mm f2.8L IS III USM', 10, 1, 'lens', '{\"image\": \"15\",\"video\": \"\",\"brand\": \"Canon\",\"storage\":[1,2,3,4,5],\"body\": \"dslr\",\"sensor\": \"ff\",\"purpose\": [\"tele\", \"general\", \"portrait\"]}'),
(16, 'Canon EF 800mm f5.6L IS USM', 310000, 0, 'desciption of product Canon EF 800mm f5.6L IS USM', 10, 1, 'lens', '{\"image\": \"16\",\"video\": \"\",\"brand\": \"Canon\",\"storage\":[1,2,3,4,5],\"body\": \"dslr\",\"sensor\": \"ff\",\"purpose\": [\"fix\", \"tele\"]}'),
(17, 'Nikon D850', 60000, 0, 'desciption of product Nikon D850', 10, 1, 'body', '{\"image\": \"17\",\"video\": \"17\",\"brand\": \"Nikon\",\"storage\":[1,2,3,4,5],\"type\": \"dslr\", \"sensor\": \"ff\"}'),
(18, 'Canon EOS 5D mark IV', 56000, 0, 'desciption of product Canon EOS 5D mark IV', 10, 1, 'body', '{\"image\": \"18\",\"video\": \"18\",\"brand\": \"Canon\",\"storage\":[1,2,3,4,5],\"type\": \"dslr\", \"sensor\": \"ff\"}'),
(19, 'Nikon D780', 41000, 0, 'desciption of product Nikon D780', 10, 1, 'body', '{\"image\": \"19\",\"video\": \"19\",\"brand\": \"Nikon\",\"storage\":[1,2,3,4,5],\"type\": \"dslr\", \"sensor\": \"ff\"}'),
(20, 'Sony A9 mark II', 110000, 0, 'desciption of product Sony A9 mark II', 10, 1, 'body', '{\"image\": \"20\",\"video\": \"\",\"brand\": \"Sony\",\"storage\":[1,2,3,4,5],\"type\": \"mrl\", \"sensor\": \"ff\"}'),
(21, 'Canon EOS M6 mark II', 22000, 0, 'desciption of product Canon EOS M6 mark II', 10, 1, 'body', '{\"image\": \"21\",\"video\": \"21\",\"brand\": \"Canon\",\"storage\":[1,2,3,4,5],\"type\": \"mrl\", \"sensor\": \"apsc\"}'),
(22, 'Hasselblad H6D 400C', 1130000, 0, 'desciption of product Hasselblad H6D 400C', 10, 1, 'body', '{\"image\": \"22\",\"video\": \"\",\"brand\": \"Hasselblad\",\"storage\":[1,2,3,4,5],\"type\": \"mrl\", \"sensor\": \"med\"}'),
(23, 'Sony A7 mark III', 44000, 0, 'desciption of product Sony A7 mark III', 10, 1, 'body', '{\"image\": \"23\",\"video\": \"\",\"brand\": \"Sony\",\"storage\":[1,2,3,4,5],\"type\": \"mrl\", \"sensor\": \"ff\"}'),
(24, 'Leica S type 007', 470000, 0, 'desciption of product Leica S type 007', 10, 1, 'body', '{\"image\": \"24\",\"video\": \"\",\"brand\": \"Leica\",\"storage\":[1,2,3,4,5],\"type\": \"dslr\", \"sensor\": \"ff\"}'),
(25, 'Sony FE 400mm f2.8 GM OSS', 280000, 0, 'desciption of product Sony FE 400mm f2.8 GM OSS', 10, 1, 'lens', '{\"image\": \"25\",\"video\": \"\",\"brand\": \"Sony\",\"storage\":[1,2,3,4,5],\"body\": \"mrl\",\"sensor\": \"ff\",\"purpose\": [\"fix\", \"tele\"]}'),
(26, 'Leica M10', 210000, 0, 'desciption of product Leica M10', 10, 1, 'body', '{\"image\": \"26\",\"video\": \"\",\"brand\": \"Leica\",\"storage\":[1,2,3,4,5],\"type\": \"mrl\", \"sensor\": \"apsc\"}'),
(27, 'Fujifilm GFX 100', 245000, 0, 'desciption of product Fujifilm GFX 100', 10, 1, 'body', '{\"image\": \"27\",\"video\": \"\",\"brand\": \"Fujifilm\",\"storage\":[1,2,3,4,5],\"type\": \"mrl\", \"sensor\": \"med\"}'),
(28, 'Canon EOS R', 40000, 0, 'desciption of product Canon EOS R', 10, 1, 'body', '{\"image\": \"28\",\"video\": \"28\",\"brand\": \"Canon\",\"storage\":[1,2,3,4,5],\"type\": \"mrl\", \"sensor\": \"ff\"}'),
(29, 'Nikon Z6', 31000, 0, 'desciption of product Nikon Z6', 10, 1, 'body', '{\"image\": \"29\",\"video\": \"29\",\"brand\": \"Nikon\",\"storage\":[1,2,3,4,5],\"type\": \"mrl\", \"sensor\": \"ff\"}'),
(30, 'Nikon D610', 13500, 0, 'desciption of product Nikon D610', 10, 1, 'body', '{\"image\": \"30\",\"video\": \"\",\"brand\": \"Nikon\",\"storage\":[1,2,3,4,5],\"type\": \"dslr\", \"sensor\": \"ff\"}'),
(31, 'Nikon D750', 18500, 0, 'desciption of product Nikon D750', 10, 1, 'body', '{\"image\": \"31\",\"video\": \"31\",\"brand\": \"Nikon\",\"storage\":[1,2,3,4,5],\"type\": \"dslr\", \"sensor\": \"ff\"}'),
(32, 'Canon EOS R6', 65000, 0, 'desciption of product Canon EOS R6', 10, 1, 'body', '{\"image\": \"32\",\"video\": \"32\",\"brand\": \"Canon\",\"storage\":[1,2,3,4,5],\"type\": \"mrl\", \"sensor\": \"ff\"}'),
(33, 'Nikon D7500', 21000, 0, 'desciption of product Nikon D7500', 10, 1, 'body', '{\"image\": \"33\",\"video\": \"\",\"brand\": \"Nikon\",\"storage\":[1,2,3,4,5],\"type\": \"dslr\", \"sensor\": \"apsc\"}'),
(34, 'Canon EOS 1Dx mark II', 100000, 0, 'desciption of product Canon EOS 1Dx mark II', 10, 1, 'body', '{\"image\": \"34\",\"video\": \"34\",\"brand\": \"Canon\",\"storage\":[1,2,3,4,5],\"type\": \"dslr\", \"sensor\": \"ff\"}'),
(35, 'Fujifilm GFX 50R', 86000, 0, 'desciption of product Fujifilm GFX 50R', 10, 1, 'body', '{\"image\": \"35\",\"video\": \"\",\"brand\": \"Fujifilm\",\"storage\":[1,2,3,4,5],\"type\": \"mrl\", \"sensor\": \"med\"}'),
(36, 'Nikon D500', 25000, 0, 'desciption of product Nikon D500', 10, 1, 'body', '{\"image\": \"36\",\"video\": \"36\",\"brand\": \"Nikon\",\"storage\":[1,2,3,4,5],\"type\": \"dslr\", \"sensor\": \"apsc\"}'),
(37, 'Canon EOS 90D', 26000, 0, 'desciption of product Canon EOS 90D', 10, 1, 'body', '{\"image\": \"37\",\"video\": \"37\",\"brand\": \"Canon\",\"storage\":[1,2,3,4,5],\"type\": \"dslr\", \"sensor\": \"apsc\"}'),
(38, 'Canon EOS 7D mark II', 18000, 0, 'desciption of product Canon EOS 7D mark II', 10, 1, 'body', '{\"image\": \"38\",\"video\": \"38\",\"brand\": \"Canon\",\"storage\":[1,2,3,4,5],\"type\": \"dslr\", \"sensor\": \"apsc\"}'),
(39, 'Canon EOS 6D mark II', 26000, 0, 'desciption of product Canon EOS 6D mark II', 10, 1, 'body', '{\"image\": \"39\",\"video\": \"39\",\"brand\": \"Canon\",\"storage\":[1,2,3,4,5],\"type\": \"dslr\", \"sensor\": \"ff\"}'),
(40, 'Nikon D5', 95000, 0, 'desciption of product Nikon D5', 10, 1, 'body', '{\"image\": \"40\",\"video\": \"40\",\"brand\": \"Nikon\",\"storage\":[1,2,3,4,5],\"type\": \"dslr\", \"sensor\": \"ff\"}'),
(41, 'Nikon D810', 40000, 0, 'desciption of product Nikon D810', 10, 1, 'body', '{\"image\": \"41\",\"video\": \"\",\"brand\": \"Nikon\",\"storage\":[1,2,3,4,5],\"type\": \"dslr\", \"sensor\": \"ff\"}'),
(42, 'Canon 6D', 17000, 0, 'desciption of product Canon 6D', 10, 1, 'body', '{\"image\": \"42\",\"video\": \"\",\"brand\": \"Canon\",\"storage\":[1,2,3,4,5],\"type\": \"dslr\", \"sensor\": \"ff\"}'),
(43, 'Olympus OMD EM1X', 42000, 0, 'desciption of product Olympus OMD EM1X', 10, 1, 'body', '{\"image\": \"43\",\"video\": \"\",\"brand\": \"Olympus\",\"storage\":[1,2,3,4,5],\"type\": \"dslr\", \"sensor\": \"m43\"}'),
(44, 'Sony A6500', 25000, 0, 'desciption of product Sony A6500', 10, 1, 'body', '{\"image\": \"44\",\"video\": \"\",\"brand\": \"Sony\",\"storage\":[1,2,3,4,5],\"type\": \"mrl\", \"sensor\": \"apsc\"}'),
(45, 'Canon EF 135mm f2L USM', 20000, 0, 'desciption of product Canon EF 135mm f2L USM', 10, 1, 'lens', '{\"image\": \"45\",\"video\": \"\",\"brand\": \"Canon\",\"storage\":[1,2,3,4,5],\"body\": \"dslr\",\"sensor\": \"ff\",\"purpose\": [\"fix\", \"tele\", \"portrait\"]}'),
(46, 'Sony FE 70-200mm F2.8 GM OSS', 60000, 0, 'desciption of product Sony FE 70-200mm F2.8 GM OSS', 10, 1, 'lens', '{\"image\": \"46\",\"video\": \"\",\"brand\": \"Sony\",\"storage\":[1,2,3,4,5],\"body\": \"mrl\",\"sensor\": \"ff\",\"purpose\": [\"tele\", \"general\", \"portrait\"]}'),
(47, 'Canon EF 24mm f1.4L II USM', 38500, 0, 'desciption of product Canon EF 24mm f1.4L II USM', 10, 1, 'lens', '{\"image\": \"47\",\"video\": \"\",\"brand\": \"Canon\",\"storage\":[1,2,3,4,5],\"body\": \"dslr\",\"sensor\": \"ff\",\"purpose\": [\"fix\", \"wide\", \"portrait\"]}'),
(48, 'Nikon NIKKOR Z 24-70mm f4 S', 54000, 0, 'desciption of product Nikon NIKKOR Z 24-70mm f4 S', 10, 1, 'lens', '{\"image\": \"48\",\"video\": \"\",\"brand\": \"Nikon\",\"storage\":[1,2,3,4,5],\"body\": \"mrl\",\"sensor\": \"ff\",\"purpose\": [\"wide\"]}'),
(49, 'Sigma 18-35mm f1.8 DC HSM Art for Nikon', 15700, 0, 'desciption of product Sigma 18-35mm f1.8 DC HSM Art for Nikon', 10, 1, 'lens', '{\"image\": \"49\",\"video\": \"\",\"brand\": \"Sigma\",\"storage\":[1,2,3,4,5],\"body\": \"dslr\",\"sensor\": \"apsc\",\"purpose\": [\"wide\", \"portrait\"]}'),
(50, 'Nikon NIKKOR Z DX 50-250mm f4.5-6.3 VR', 7000, 0, 'desciption of product Nikon NIKKOR Z DX 50-250mm f4.5-6.3 VR', 10, 1, 'lens', '{\"image\": \"50\",\"video\": \"\",\"brand\": \"Nikon\",\"storage\":[1,2,3,4,5],\"body\": \"mrl\",\"sensor\": \"apsc\",\"purpose\": [\"tele\", \"general\"]}'),
(51, 'Sigma 150-600mm f5-6.3 DG OS HSM Sports for Canon ', 39900, 0, 'desciption of product Sigma 150-600mm f5-6.3 DG OS HSM Sports for Canon EF', 10, 1, 'lens', '{\"image\": \"51\",\"video\": \"\",\"brand\": \"Sigma\",\"storage\":[1,2,3,4,5],\"body\": \"dslr\",\"sensor\": \"ff\",\"purpose\": [\"tele\"]}'),
(52, 'Fujifilm GF 250mm F4 R LM OIS WR', 82000, 0, 'desciption of product Fujifilm GF 250mm F4 R LM OIS WR', 10, 1, 'lens', '{\"image\": \"52\",\"video\": \"\",\"brand\": \"Fujifilm\",\"storage\":[1,2,3,4,5],\"body\": \"mrl\",\"sensor\": \"med\",\"purpose\": [\"fix\", \"tele\"]}'),
(53, 'Canon RF 85mm f1.2L USM', 64500, 0, 'desciption of product Canon RF 85mm f1.2L USM', 10, 1, 'lens', '{\"image\": \"53\",\"video\": \"\",\"brand\": \"Canon\",\"storage\":[1,2,3,4,5],\"body\": \"mrl\",\"sensor\": \"ff\",\"purpose\": [\"fix\", \"portrait\"]}'),
(54, 'Sony FE 90mm f2.8 Macro G OSS', 24000, 0, 'desciption of product Sony FE 90mm f2.8 Macro G OSS', 10, 1, 'lens', '{\"image\": \"54\",\"video\": \"\",\"brand\": \"Sony\",\"storage\":[1,2,3,4,5],\"body\": \"mrl\",\"sensor\": \"ff\",\"purpose\": [\"fix\", \"macro\", \"portrait\"]}'),
(55, 'Canon EOS 800D', 12000, 0, 'desciption of product Canon EOS 800D', 10, 1, 'body', '{\"image\": \"55\",\"video\": \"\",\"brand\": \"Canon\",\"storage\":[1,2,3,4,5],\"type\": \"dslr\", \"sensor\": \"apsc\"}'),
(56, 'Sigma 16mm f1.4 DC DN Contemporary for Sony E', 9100, 0, 'desciption of product Sigma 16mm f1.4 DC DN Contemporary for Sony E', 10, 1, 'lens', '{\"image\": \"56\",\"video\": \"\",\"brand\": \"Sigma\",\"storage\":[1,2,3,4,5],\"body\": \"mrl\",\"sensor\": \"apsc\",\"purpose\": [\"fix\", \"general\", \"wide\"]}'),
(57, 'Canon EF 50mm f1.4 USM', 8500, 0, 'desciption of product Canon EF 50mm f1.4 USM', 10, 1, 'lens', '{\"image\": \"57\",\"video\": \"\",\"brand\": \"Canon\",\"storage\":[1,2,3,4,5],\"body\": \"dslr\",\"sensor\": \"ff\",\"purpose\": [\"fix\", \"general\", \"portrait\"]}'),
(58, 'Tamron SP 70-200mm F2.8 DI VC USD G2 for Nikon F', 27500, 0, 'desciption of product Tamron SP 70-200mm F2.8 DI VC USD G2 for Nikon F', 10, 1, 'lens', '{\"image\": \"58\",\"video\": \"\",\"brand\": \"Tamron\",\"storage\":[1,2,3,4,5],\"body\": \"dslr\",\"sensor\": \"ff\",\"purpose\": [\"tele\", \"general\", \"portrait\"]}'),
(59, 'Tamron 70-210mm f4 Di VC USD for Canon EFCanon RFN', 15800, 0, 'desciption of product Tamron 70-210mm f4 Di VC USD for Canon EFCanon RFNikon F', 10, 1, 'lens', '{\"image\": \"59\",\"video\": \"\",\"brand\": \"Tamron\",\"storage\":[1,2,3,4,5],\"body\": \"dslr\",\"sensor\": \"ff\",\"purpose\": [\"tele\", \"general\", \"portrait\"]}'),
(60, 'Canon EF-M 18-150mm f3.5-6.3 IS STM', 11500, 0, 'desciption of product Canon EF-M 18-150mm f3.5-6.3 IS STM', 10, 1, 'lens', '{\"image\": \"60\",\"video\": \"\",\"brand\": \"Canon\",\"storage\":[1,2,3,4,5],\"body\": \"mrl\",\"sensor\": \"apsc\",\"purpose\": [\"tele\", \"general\", \"wide\"]}'),
(61, 'Nikon AF-S 24mm f1.4G ED', 40000, 0, 'desciption of product Nikon AF-S 24mm f1.4G ED', 10, 1, 'lens', '{\"image\": \"61\",\"video\": \"\",\"brand\": \"Nikon\",\"storage\":[1,2,3,4,5],\"body\": \"dslr\",\"sensor\": \"ff\",\"purpose\": [\"fix\", \"general\", \"portrait\"]}'),
(62, 'Sigma 16mm f1.4 DC DN Contemporary for Canon M', 9100, 0, 'desciption of product Sigma 16mm f1.4 DC DN Contemporary for Canon M', 10, 1, 'lens', '{\"image\": \"62\",\"video\": \"\",\"brand\": \"Sigma\",\"storage\":[1,2,3,4,5],\"body\": \"mrl\",\"sensor\": \"apsc\",\"purpose\": [\"fix\", \"general\", \"wide\"]}'),
(63, 'Olympus OMD EM10', 13000, 0, 'desciption of product Olympus OMD EM10', 10, 1, 'body', '{\"image\": \"63\",\"video\": \"\",\"brand\": \"Olympus\",\"storage\":[1,2,3,4,5],\"type\": \"mrl\", \"sensor\": \"m43\"}'),
(64, 'Canon EOS 750D', 9500, 0, 'desciption of product Canon EOS 750D', 10, 1, 'body', '{\"image\": \"64\",\"video\": \"\",\"brand\": \"Canon\",\"storage\":[1,2,3,4,5],\"type\": \"dslr\", \"sensor\": \"apsc\"}'),
(65, 'Nikon NIKKOR Z 85mm f1.8 S', 20000, 0, 'desciption of product Nikon NIKKOR Z 85mm f1.8 S', 10, 1, 'lens', '{\"image\": \"65\",\"video\": \"\",\"brand\": \"Nikon\",\"storage\":[1,2,3,4,5],\"body\": \"mrl\",\"sensor\": \"ff\",\"purpose\": [\"fix\", \"portrait\"]}'),
(66, 'Canon EF-M 55-200mm f4.5-6.3 IS STM', 8350, 0, 'desciption of product Canon EF-M 55-200mm f4.5-6.3 IS STM', 10, 1, 'lens', '{\"image\": \"66\",\"video\": \"\",\"brand\": \"Canon\",\"storage\":[1,2,3,4,5],\"body\": \"mrl\",\"sensor\": \"apsc\",\"purpose\": [\"tele\", \"general\", \"portrait\"]}'),
(67, 'Sony FE 100mm f2.8 STF GM OSS', 37000, 0, 'desciption of product Sony FE 100mm f2.8 STF GM OSS', 10, 1, 'lens', '{\"image\": \"67\",\"video\": \"\",\"brand\": \"Sony\",\"storage\":[1,2,3,4,5],\"body\": \"mrl\",\"sensor\": \"ff\",\"purpose\": [\"fix\", \"tele\", \"portrait\"]}'),
(68, 'Canon EF 70-200mm f4L IS USM', 26800, 0, 'desciption of product Canon EF 70-200mm f4L IS USM', 10, 1, 'lens', '{\"image\": \"68\",\"video\": \"\",\"brand\": \"Canon\",\"storage\":[1,2,3,4,5],\"body\": \"dslr\",\"sensor\": \"ff\",\"purpose\": [\"tele\", \"general\", \"portrait\"]}'),
(69, 'Sigma 100-400mm f5-6.3 DG OS HSM for Canon EF', 17500, 0, 'desciption of product Sigma 100-400mm f5-6.3 DG OS HSM for Canon EF', 10, 1, 'lens', '{\"image\": \"69\",\"video\": \"\",\"brand\": \"Sigma\",\"storage\":[1,2,3,4,5],\"body\": \"dslr\",\"sensor\": \"ff\",\"purpose\": [\"tele\", \"portrait\"]}'),
(70, 'Canon CN-E 50mm T1.3 L F', 110000, 0, 'desciption of product Canon CN-E 50mm T1.3 L F', 10, 1, 'lens', '{\"image\": \"70\",\"video\": \"\",\"brand\": \"Canon\",\"storage\":[1,2,3,4,5],\"body\": \"cine\",\"sensor\": \"cine\",\"purpose\": [\"fix\", \"cine\"]}'),
(71, 'Nikon AF-S 85mm f1.4G', 39000, 0, 'desciption of product Nikon AF-S 85mm f1.4G', 10, 1, 'lens', '{\"image\": \"71\",\"video\": \"\",\"brand\": \"Nikon\",\"storage\":[1,2,3,4,5],\"body\": \"dslr\",\"sensor\": \"ff\",\"purpose\": [\"fix\", \"portrait\"]}'),
(72, 'Sigma 70-200mm f2.8 DG OS HSM Sports', 30900, 0, 'desciption of product Sigma 70-200mm f2.8 DG OS HSM Sports', 10, 1, 'lens', '{\"image\": \"72\",\"video\": \"\",\"brand\": \"Sigma\",\"storage\":[1,2,3,4,5],\"body\": \"dslr\",\"sensor\": \"ff\",\"purpose\": [\"tele\", \"general\", \"portrait\"]}'),
(73, 'Nikon AF DX 10.5mm F2.8G ED Fisheye', 14700, 0, 'desciption of product Nikon AF DX 10.5mm F2.8G ED Fisheye', 10, 1, 'lens', '{\"image\": \"73\",\"video\": \"\",\"brand\": \"Nikon\",\"storage\":[1,2,3,4,5],\"body\": \"dslr\",\"sensor\": \"apsc\",\"purpose\": [\"fix\", \"general\", \"wide\", \"fisheye\"]}'),
(74, 'Nikon AF-S 35mm f1.8G ED FX', 13000, 0, 'desciption of product Nikon AF-S 35mm f1.8G ED FX', 10, 1, 'lens', '{\"image\": \"74\",\"video\": \"\",\"brand\": \"Nikon\",\"storage\":[1,2,3,4,5],\"body\": \"dslr\",\"sensor\": \"ff\",\"purpose\": [\"fix\", \"general\", \"portrait\"]}'),
(75, 'Sigma 30mm f1.4 DC HSM Art for Canon', 9500, 0, 'desciption of product Sigma 30mm f1.4 DC HSM Art for Canon', 10, 1, 'lens', '{\"image\": \"75\",\"video\": \"\",\"brand\": \"Sigma\",\"storage\":[1,2,3,4,5],\"body\": \"dslr\",\"sensor\": \"ff\",\"purpose\": [\"fix\", \"general\"]}'),
(76, 'Canon CN-E 14mm T3.1 L F', 122000, 0, 'desciption of product Canon CN-E 14mm T3.1 L F', 10, 1, 'lens', '{\"image\": \"76\",\"video\": \"\",\"brand\": \"Canon\",\"storage\":[1,2,3,4,5],\"body\": \"cine\",\"sensor\": \"cine\",\"purpose\": [\"fix\", \"cine\"]}'),
(77, 'Fujifilm GF 23mm f4 R LM WR', 54900, 0, 'desciption of product Fujifilm GF 23mm f4 R LM WR', 10, 1, 'lens', '{\"image\": \"77\",\"video\": \"\",\"brand\": \"Fujifilm\",\"storage\":[1,2,3,4,5],\"body\": \"mrl\",\"sensor\": \"med\",\"purpose\": [\"fix\", \"general\", \"wide\"]}'),
(78, 'Canon RF 35mm f1.8 IS Macro STM', 12900, 0, 'desciption of product Canon RF 35mm f1.8 IS Macro STM', 10, 1, 'lens', '{\"image\": \"78\",\"video\": \"\",\"brand\": \"Canon\",\"storage\":[1,2,3,4,5],\"body\": \"mrl\",\"sensor\": \"ff\",\"purpose\": [\"fix\", \"general\", \"macro\"]}'),
(79, 'Sony E 18-135mm f3.5-5.6 OSS', 15000, 0, 'desciption of product Sony E 18-135mm f3.5-5.6 OSS', 10, 1, 'lens', '{\"image\": \"79\",\"video\": \"\",\"brand\": \"Sony\",\"storage\":[1,2,3,4,5],\"body\": \"mrl\",\"sensor\": \"apsc\",\"purpose\": [\"tele\", \"general\", \"wide\", \"portrait\"]}'),
(80, 'Canon EF 16-35mm f2.8L III USM', 56700, 0, 'desciption of product Canon EF 16-35mm f2.8L III USM', 10, 1, 'lens', '{\"image\": \"80\",\"video\": \"\",\"brand\": \"Canon\",\"storage\":[1,2,3,4,5],\"body\": \"dslr\",\"sensor\": \"ff\",\"purpose\": [\"general\", \"wide\"]}'),
(81, 'Sigma 17-50mm f2.8 EX DC OS HSM for Canon', 7500, 0, 'desciption of product Sigma 17-50mm f2.8 EX DC OS HSM for Canon', 10, 1, 'lens', '{\"image\": \"81\",\"video\": \"\",\"brand\": \"Sigma\",\"storage\":[1,2,3,4,5],\"body\": \"dslr\",\"sensor\": \"apsc\",\"purpose\": [\"general\", \"wide\", \"portrait\"]}'),
(82, 'Sony FE 35mm f1.4 GM', 35000, 0, 'desciption of product Sony FE 35mm f1.4 GM', 10, 1, 'lens', '{\"image\": \"82\",\"video\": \"\",\"brand\": \"Sony\",\"storage\":[1,2,3,4,5],\"body\": \"mrl\",\"sensor\": \"ff\",\"purpose\": [\"fix\", \"general\", \"portrait\"]}'),
(83, 'Nikon AF-S 35mm F1.4G Nano', 47300, 0, 'desciption of product Nikon AF-S 35mm F1.4G Nano', 10, 1, 'lens', '{\"image\": \"83\",\"video\": \"\",\"brand\": \"Nikon\",\"storage\":[1,2,3,4,5],\"body\": \"dslr\",\"sensor\": \"ff\",\"purpose\": [\"fix\", \"general\", \"portrait\"]}'),
(84, 'Tamron 18-400mm f3.5-6.3 Di II VC HLD for Canon EF', 14000, 0, 'desciption of product Tamron 18-400mm f3.5-6.3 Di II VC HLD for Canon EF', 10, 1, 'lens', '{\"image\": \"84\",\"video\": \"\",\"brand\": \"Tamron\",\"storage\":[1,2,3,4,5],\"body\": \"dslr\",\"sensor\": \"ff\",\"purpose\": [\"tele\", \"general\", \"wide\", \"portrait\"]}'),
(85, 'Sony FE 16-35mm f2.8 GM', 52500, 0, 'desciption of product Sony FE 16-35mm f2.8 GM', 10, 1, 'lens', '{\"image\": \"85\",\"video\": \"\",\"brand\": \"Sony\",\"storage\":[1,2,3,4,5],\"body\": \"mrl\",\"sensor\": \"ff\",\"purpose\": [\"general\", \"wide\"]}'),
(86, 'Fujifilm X-H1', 20000, 0, 'desciption of product Fujifilm X-H1', 10, 1, 'body', '{\"image\": \"86\",\"video\": \"\",\"brand\": \"Fujifilm\",\"storage\":[1,2,3,4,5],\"type\": \"mrl\", \"sensor\": \"apsc\"}'),
(87, 'Canon RF 50mm f1.8 STM', 6500, 0, 'desciption of product Canon RF 50mm f1.8 STM', 10, 1, 'lens', '{\"image\": \"87\",\"video\": \"\",\"brand\": \"Canon\",\"storage\":[1,2,3,4,5],\"body\": \"mrl\",\"sensor\": \"ff\",\"purpose\": [\"fix\", \"general\", \"portrait\"]}'),
(88, 'Canon EF 300mm f4L IS USM', 33800, 0, 'desciption of product Canon EF 300mm f4L IS USM', 10, 1, 'lens', '{\"image\": \"88\",\"video\": \"\",\"brand\": \"Canon\",\"storage\":[1,2,3,4,5],\"body\": \"dslr\",\"sensor\": \"ff\",\"purpose\": [\"fix\", \"tele\"]}'),
(89, 'Canon CN-E 15.5-47mm T2.8 L S', 508000, 0, 'desciption of product Canon CN-E 15.5-47mm T2.8 L S', 10, 1, 'lens', '{\"image\": \"89\",\"video\": \"\",\"brand\": \"Canon\",\"storage\":[1,2,3,4,5],\"body\": \"cine\",\"sensor\": \"cine\",\"purpose\": [\"wide\", \"cine\"]}'),
(90, 'Nikon AF-S NIKKOR 300MM F2.8G ED VR II', 128000, 0, 'desciption of product Nikon AF-S NIKKOR 300MM F2.8G ED VR II', 10, 1, 'lens', '{\"image\": \"90\",\"video\": \"\",\"brand\": \"Nikon\",\"storage\":[1,2,3,4,5],\"body\": \"dslr\",\"sensor\": \"ff\",\"purpose\": [\"tele\"]}'),
(91, 'Canon EF-M 32mm f1.4 STM', 15730, 0, 'desciption of product Canon EF-M 32mm f1.4 STM', 10, 1, 'lens', '{\"image\": \"91\",\"video\": \"\",\"brand\": \"Canon\",\"storage\":[1,2,3,4,5],\"body\": \"mrl\",\"sensor\": \"apsc\",\"purpose\": [\"fix\", \"general\"]}'),
(92, 'Nikon AF-S 60mm f2.8G ED Macro', 14000, 0, 'desciption of product Nikon AF-S 60mm f2.8G ED Macro', 10, 1, 'lens', '{\"image\": \"92\",\"video\": \"\",\"brand\": \"Nikon\",\"storage\":[1,2,3,4,5],\"body\": \"dslr\",\"sensor\": \"ff\",\"purpose\": [\"fix\", \"macro\"]}'),
(93, 'Tamron 100-400mm f4.5-6.3 DI VC USD for Canon', 13790, 0, 'desciption of product Tamron 100-400mm f4.5-6.3 DI VC USD for Canon', 10, 1, 'lens', '{\"image\": \"93\",\"video\": \"\",\"brand\": \"Tamron\",\"storage\":[1,2,3,4,5],\"body\": \"dslr\",\"sensor\": \"apsc\",\"purpose\": [\"tele\"]}'),
(94, 'Sigma 35mm f2 DG DN (C) for Sony E', 31000, 0, 'desciption of product Sigma 35mm f2 DG DN (C) for Sony E', 10, 1, 'lens', '{\"image\": \"94\",\"video\": \"\",\"brand\": \"Sigma\",\"storage\":[1,2,3,4,5],\"body\": \"mrl\",\"sensor\": \"apsc\",\"purpose\": [\"fix\", \"general\"]}'),
(95, 'Canon CN-E 30-300mm T2.95-3.7 L S', 937000, 0, 'desciption of product Canon CN-E 30-300mm T2.95-3.7 L S', 10, 1, 'lens', '{\"image\": \"95\",\"video\": \"\",\"brand\": \"Canon\",\"storage\":[1,2,3,4,5],\"body\": \"cine\",\"sensor\": \"cine\",\"purpose\": [\"tele\", \"general\", \"cine\"]}'),
(96, 'Tamron 18-200mm F3.5-6.3 Di III VC for Sony', 5400, 0, 'desciption of product Tamron 18-200mm F3.5-6.3 Di III VC for Sony', 10, 1, 'lens', '{\"image\": \"96\",\"video\": \"\",\"brand\": \"Tamron\",\"storage\":[1,2,3,4,5],\"body\": \"mrl\",\"sensor\": \"apsc\",\"purpose\": [\"tele\", \"general\", \"wide\", \"portrait\"]}'),
(97, 'Canon EF 400mm f4 DO IS II USM', 240000, 0, 'desciption of product Canon EF 400mm f4 DO IS II USM', 10, 1, 'lens', '{\"image\": \"97\",\"video\": \"\",\"brand\": \"Canon\",\"storage\":[1,2,3,4,5],\"body\": \"dslr\",\"sensor\": \"ff\",\"purpose\": [\"fix\", \"tele\"]}'),
(98, 'Canon EF 20mm F2.8 USM', 13500, 0, 'desciption of product Canon EF 20mm F2.8 USM', 10, 1, 'lens', '{\"image\": \"98\",\"video\": \"\",\"brand\": \"Canon\",\"storage\":[1,2,3,4,5],\"body\": \"dslr\",\"sensor\": \"ff\",\"purpose\": [\"fix\", \"general\", \"wide\"]}'),
(99, 'Fujifilm X100F', 21000, 0, 'desciption of product Fujifilm X100F', 10, 1, 'body', '{\"image\": \"99\",\"video\": \"\",\"brand\": \"Fujifilm\",\"storage\":[1,2,3,4,5],\"type\": \"mrl\", \"sensor\": \"apsc\"}'),
(100, 'Canon RF 24-105mm f4L IS USM', 32000, 0, 'desciption of product Canon RF 24-105mm f4L IS USM', 10, 1, 'lens', '{\"image\": \"100\",\"video\": \"\",\"brand\": \"Canon\",\"storage\":[1,2,3,4,5],\"body\": \"mrl\",\"sensor\": \"ff\",\"purpose\": [\"tele\", \"general\", \"wide\", \"portrait\"]}'),
(101, 'Fujifilm GF 100-200mm f5.6 R LM OIS WR', 52900, 0, 'desciption of product Fujifilm GF 100-200mm f5.6 R LM OIS WR', 10, 1, 'lens', '{\"image\": \"101\",\"video\": \"\",\"brand\": \"Fujifilm\",\"storage\":[1,2,3,4,5],\"body\": \"mrl\",\"sensor\": \"med\",\"purpose\": [\"tele\", \"general\"]}'),
(102, 'Fujifilm XF 200mm f2 R LM OIS WR + Kit Teleconvert', 105000, 0, 'desciption of product Fujifilm XF 200mm f2 R LM OIS WR + Kit Teleconverter XF 1.4x TC F2 WR', 10, 1, 'lens', '{\"image\": \"102\",\"video\": \"\",\"brand\": \"Fujifilm\",\"storage\":[1,2,3,4,5],\"body\": \"mrl\",\"sensor\": \"med\",\"purpose\": [\"fix\", \"tele\"]}'),
(103, 'Sigma 30mm f1.4 DC DN Contemporary for Sony E', 6300, 0, 'desciption of product Sigma 30mm f1.4 DC DN Contemporary for Sony E', 10, 1, 'lens', '{\"image\": \"103\",\"video\": \"\",\"brand\": \"Sigma\",\"storage\":[1,2,3,4,5],\"body\": \"mrl\",\"sensor\": \"apsc\",\"purpose\": [\"fix\", \"general\"]}'),
(104, 'Nikon AF-S 24-70mm f2.8 G ED', 33000, 0, 'desciption of product Nikon AF-S 24-70mm f2.8 G ED', 10, 1, 'lens', '{\"image\": \"104\",\"video\": \"\",\"brand\": \"Nikon\",\"storage\":[1,2,3,4,5],\"body\": \"dslr\",\"sensor\": \"ff\",\"purpose\": [\"general\", \"wide\", \"portrait\"]}'),
(105, 'Nikon AF-S NIKKOR 80-400 F4.5-5.6G ED VR', 60000, 0, 'desciption of product Nikon AF-S NIKKOR 80-400 F4.5-5.6G ED VR', 10, 1, 'lens', '{\"image\": \"105\",\"video\": \"\",\"brand\": \"Nikon\",\"storage\":[1,2,3,4,5],\"body\": \"dslr\",\"sensor\": \"ff\",\"purpose\": [\"tele\", \"general\", \"portrait\"]}'),
(106, 'Canon EOS 70D', 11500, 0, 'desciption of product Canon EOS 70D', 10, 1, 'body', '{\"image\": \"106\",\"video\": \"\",\"brand\": \"Canon\",\"storage\":[1,2,3,4,5],\"type\": \"dslr\", \"sensor\": \"apsc\"}'),
(107, 'Canon EF 16-35mm f4L IS USM', 24500, 0, 'desciption of product Canon EF 16-35mm f4L IS USM', 10, 1, 'lens', '{\"image\": \"107\",\"video\": \"\",\"brand\": \"Canon\",\"storage\":[1,2,3,4,5],\"body\": \"dslr\",\"sensor\": \"ff\",\"purpose\": [\"general\", \"wide\"]}'),
(108, 'Sigma 30mm f1.4 DC HSM Art for Nikon', 9500, 0, 'desciption of product Sigma 30mm f1.4 DC HSM Art for Nikon', 10, 1, 'lens', '{\"image\": \"108\",\"video\": \"\",\"brand\": \"Sigma\",\"storage\":[1,2,3,4,5],\"body\": \"dslr\",\"sensor\": \"apsc\",\"purpose\": [\"fix\", \"general\", \"wide\"]}'),
(109, 'Nikon AF-S DX 12-24mm F4G IF ED', 20000, 0, 'desciption of product Nikon AF-S DX 12-24mm F4G IF ED', 10, 1, 'lens', '{\"image\": \"109\",\"video\": \"\",\"brand\": \"Nikon\",\"storage\":[1,2,3,4,5],\"body\": \"dslr\",\"sensor\": \"apsc\",\"purpose\": [\"general\", \"wide\"]}'),
(110, 'Canon EF 24-70mm f4L IS USM', 26700, 0, 'desciption of product Canon EF 24-70mm f4L IS USM', 10, 1, 'lens', '{\"image\": \"110\",\"video\": \"\",\"brand\": \"Canon\",\"storage\":[1,2,3,4,5],\"body\": \"dslr\",\"sensor\": \"ff\",\"purpose\": [\"general\", \"portrait\"]}'),
(111, 'Tamron 18-200mm F3.5-6.3 Di II VC for Canon', 5400, 0, 'desciption of product Tamron 18-200mm F3.5-6.3 Di II VC for Canon', 10, 1, 'lens', '{\"image\": \"111\",\"video\": \"\",\"brand\": \"Tamron\",\"storage\":[1,2,3,4,5],\"body\": \"dslr\",\"sensor\": \"ff\",\"purpose\": [\"tele\", \"general\", \"wide\", \"portrait\"]}'),
(112, 'Canon RF 800mm f11 IS STM', 27000, 0, 'desciption of product Canon RF 800mm f11 IS STM', 10, 1, 'lens', '{\"image\": \"112\",\"video\": \"\",\"brand\": \"Canon\",\"storage\":[1,2,3,4,5],\"body\": \"mrl\",\"sensor\": \"ff\",\"purpose\": [\"fix\", \"tele\"]}'),
(113, 'Nikon AF-S DX 18-300mm f3.5-5.6G ED VR', 15000, 0, 'desciption of product Nikon AF-S DX 18-300mm f3.5-5.6G ED VR', 10, 1, 'lens', '{\"image\": \"113\",\"video\": \"\",\"brand\": \"Nikon\",\"storage\":[1,2,3,4,5],\"body\": \"dslr\",\"sensor\": \"apsc\",\"purpose\": [\"general\", \"wide\", \"portrait\"]}'),
(114, 'Canon EF 100-400mm f4.5-5.6L IS II USM', 52000, 0, 'desciption of product Canon EF 100-400mm f4.5-5.6L IS II USM', 10, 1, 'lens', '{\"image\": \"114\",\"video\": \"\",\"brand\": \"Canon\",\"storage\":[1,2,3,4,5],\"body\": \"dslr\",\"sensor\": \"ff\",\"purpose\": [\"tele\"]}'),
(115, 'Canon EF 500mm f4L IS II USM', 220000, 0, 'desciption of product Canon EF 500mm f4L IS II USM', 10, 1, 'lens', '{\"image\": \"115\",\"video\": \"\",\"brand\": \"Canon\",\"storage\":[1,2,3,4,5],\"body\": \"dslr\",\"sensor\": \"ff\",\"purpose\": [\"fix\", \"tele\"]}'),
(116, 'Sony A7R II', 35000, 0, 'desciption of product Sony A7R II', 10, 1, 'body', '{\"image\": \"116\",\"video\": \"\",\"brand\": \"Sony\",\"storage\":[1,2,3,4,5],\"type\": \"mrl\", \"sensor\": \"ff\"}'),
(117, 'Canon EF-S 35mm f2.8 Macro IS STM', 9400, 0, 'desciption of product Canon EF-S 35mm f2.8 Macro IS STM', 10, 1, 'lens', '{\"image\": \"117\",\"video\": \"\",\"brand\": \"Canon\",\"storage\":[1,2,3,4,5],\"body\": \"dslr\",\"sensor\": \"ff\",\"purpose\": [\"fix\", \"macro\"]}'),
(118, 'Fujifilm MK X 18-55mm T2.9', 107000, 0, 'desciption of product Fujifilm MK X 18-55mm T2.9', 10, 1, 'lens', '{\"image\": \"118\",\"video\": \"\",\"brand\": \"Fujifilm\",\"storage\":[1,2,3,4,5],\"body\": \"mrl\",\"sensor\": \"cine\",\"purpose\": [\"general\", \"wide\", \"cine\"]}'),
(119, 'Canon RF 24-70mm f2.8L IS USM', 56000, 0, 'desciption of product Canon RF 24-70mm f2.8L IS USM', 10, 1, 'lens', '{\"image\": \"119\",\"video\": \"\",\"brand\": \"Canon\",\"storage\":[1,2,3,4,5],\"body\": \"mrl\",\"sensor\": \"ff\",\"purpose\": [\"general\", \"wide\", \"portrait\"]}'),
(120, 'Nikon AF-S NIKKOR 600MM F4G VR', 260000, 0, 'desciption of product Nikon AF-S NIKKOR 600MM F4G VR', 10, 1, 'lens', '{\"image\": \"120\",\"video\": \"\",\"brand\": \"Nikon\",\"storage\":[1,2,3,4,5],\"body\": \"dslr\",\"sensor\": \"ff\",\"purpose\": [\"fix\", \"tele\"]}'),
(121, 'Nikon AF-S 70-200mm f4G ED VR', 30900, 0, 'desciption of product Nikon AF-S 70-200mm f4G ED VR', 10, 1, 'lens', '{\"image\": \"121\",\"video\": \"\",\"brand\": \"Nikon\",\"storage\":[1,2,3,4,5],\"body\": \"dslr\",\"sensor\": \"ff\",\"purpose\": [\"tele\", \"general\", \"portrait\"]}'),
(122, 'Canon RF 24-105mm f4-7.1 IS STM', 13000, 0, 'desciption of product Canon RF 24-105mm f4-7.1 IS STM', 10, 1, 'lens', '{\"image\": \"122\",\"video\": \"\",\"brand\": \"Canon\",\"storage\":[1,2,3,4,5],\"body\": \"mrl\",\"sensor\": \"ff\",\"purpose\": [\"tele\", \"general\", \"wide\", \"portrait\"]}'),
(123, 'Nikon AF-S 85mm f1.8G', 11000, 0, 'desciption of product Nikon AF-S 85mm f1.8G', 10, 1, 'lens', '{\"image\": \"123\",\"video\": \"\",\"brand\": \"Nikon\",\"storage\":[1,2,3,4,5],\"body\": \"dslr\",\"sensor\": \"ff\",\"purpose\": [\"fix\", \"portrait\"]}'),
(124, 'Canon EOS RP', 24500, 0, 'desciption of product Canon EOS RP', 10, 1, 'body', '{\"image\": \"124\",\"video\": \"\",\"brand\": \"Canon\",\"storage\":[1,2,3,4,5],\"type\": \"mrl\", \"sensor\": \"ff\"}'),
(125, 'Sony FE 20mm f1.8 G', 23000, 0, 'desciption of product Sony FE 20mm f1.8 G', 10, 1, 'lens', '{\"image\": \"125\",\"video\": \"\",\"brand\": \"Sony\",\"storage\":[1,2,3,4,5],\"body\": \"mrl\",\"sensor\": \"ff\",\"purpose\": [\"fix\", \"general\", \"wide\"]}'),
(126, 'Canon EF-S 18-135mm f3.5-5.6 IS USM', 14000, 0, 'desciption of product Canon EF-S 18-135mm f3.5-5.6 IS USM', 10, 1, 'lens', '{\"image\": \"126\",\"video\": \"\",\"brand\": \"Canon\",\"storage\":[1,2,3,4,5],\"body\": \"dslr\",\"sensor\": \"ff\",\"purpose\": [\"tele\", \"general\", \"wide\", \"portrait\"]}'),
(127, 'Canon EF 85mm f1.8 USM', 9900, 0, 'desciption of product Canon EF 85mm f1.8 USM', 10, 1, 'lens', '{\"image\": \"127\",\"video\": \"\",\"brand\": \"Canon\",\"storage\":[1,2,3,4,5],\"body\": \"dslr\",\"sensor\": \"ff\",\"purpose\": [\"fix\", \"portrait\"]}'),
(128, 'Nikon AF-S 24-120mm f4G ED VR', 13500, 0, 'desciption of product Nikon AF-S 24-120mm f4G ED VR', 10, 1, 'lens', '{\"image\": \"128\",\"video\": \"\",\"brand\": \"Nikon\",\"storage\":[1,2,3,4,5],\"body\": \"dslr\",\"sensor\": \"ff\",\"purpose\": [\"tele\", \"general\", \"portrait\"]}'),
(129, 'Canon EF 300mm f2.8L IS II USM', 152000, 0, 'desciption of product Canon EF 300mm f2.8L IS II USM', 10, 1, 'lens', '{\"image\": \"129\",\"video\": \"\",\"brand\": \"Canon\",\"storage\":[1,2,3,4,5],\"body\": \"dslr\",\"sensor\": \"ff\",\"purpose\": [\"fix\", \"tele\"]}'),
(130, 'Sigma 24mm f1.4 DG HSM Art For Sony E', 17500, 0, 'desciption of product Sigma 24mm f1.4 DG HSM Art For Sony E', 10, 1, 'lens', '{\"image\": \"130\",\"video\": \"\",\"brand\": \"Sigma\",\"storage\":[1,2,3,4,5],\"body\": \"mrl\",\"sensor\": \"ff\",\"purpose\": [\"fix\", \"general\", \"wide\"]}'),
(131, 'Fujifilm X-A5 + Kit 15-45mm', 8200, 0, 'desciption of product Fujifilm X-A5 + Kit 15-45mm', 10, 1, 'body', '{\"image\": \"131\",\"video\": \"\",\"brand\": \"Fujifilm\",\"storage\":[1,2,3,4,5],\"type\": \"mrl\", \"sensor\": \"apsc\"}'),
(132, 'Canon EF 85mm f1.2L II USM', 48700, 0, 'desciption of product Canon EF 85mm f1.2L II USM', 10, 1, 'lens', '{\"image\": \"132\",\"video\": \"\",\"brand\": \"Canon\",\"storage\":[1,2,3,4,5],\"body\": \"dslr\",\"sensor\": \"ff\",\"purpose\": [\"fix\", \"portrait\"]}'),
(133, 'Nikon AF-S 24-70mm f2.8E ED VR', 45000, 0, 'desciption of product Nikon AF-S 24-70mm f2.8E ED VR', 10, 1, 'lens', '{\"image\": \"133\",\"video\": \"\",\"brand\": \"Nikon\",\"storage\":[1,2,3,4,5],\"body\": \"dslr\",\"sensor\": \"ff\",\"purpose\": [\"general\", \"portrait\"]}'),
(134, 'Tamron 10-24mm f3.5-4.5 DI II VC HLD for Canon', 9500, 0, 'desciption of product Tamron 10-24mm f3.5-4.5 DI II VC HLD for Canon', 10, 1, 'lens', '{\"image\": \"134\",\"video\": \"\",\"brand\": \"Tamron\",\"storage\":[1,2,3,4,5],\"body\": \"dslr\",\"sensor\": \"ff\",\"purpose\": [\"general\", \"wide\"]}'),
(135, 'Sigma 105mm f1.4 DG HSM Art (Canon EFNikon F)', 36900, 0, 'desciption of product Sigma 105mm f1.4 DG HSM Art (Canon EFNikon F)', 10, 1, 'lens', '{\"image\": \"135\",\"video\": \"\",\"brand\": \"Sigma\",\"storage\":[1,2,3,4,5],\"body\": \"dslr\",\"sensor\": \"ff\",\"purpose\": [\"fix\", \"tele\", \"portrait\"]}'),
(136, 'Sony FE 600mm f4 GM OSS', 360000, 0, 'desciption of product Sony FE 600mm f4 GM OSS', 10, 1, 'lens', '{\"image\": \"136\",\"video\": \"\",\"brand\": \"Sony\",\"storage\":[1,2,3,4,5],\"body\": \"mrl\",\"sensor\": \"ff\",\"purpose\": [\"fix\", \"tele\"]}'),
(137, 'Sigma 50-100mm f1.8 DC HSM Art for Canon EF', 23000, 0, 'desciption of product Sigma 50-100mm f1.8 DC HSM Art for Canon EF', 10, 1, 'lens', '{\"image\": \"137\",\"video\": \"\",\"brand\": \"Sigma\",\"storage\":[1,2,3,4,5],\"body\": \"dslr\",\"sensor\": \"ff\",\"purpose\": [\"tele\", \"general\", \"portrait\"]}'),
(138, 'Nikon AF-S 28mm f1.8G', 15000, 0, 'desciption of product Nikon AF-S 28mm f1.8G', 10, 1, 'lens', '{\"image\": \"138\",\"video\": \"\",\"brand\": \"Nikon\",\"storage\":[1,2,3,4,5],\"body\": \"dslr\",\"sensor\": \"ff\",\"purpose\": [\"fix\", \"general\", \"wide\"]}'),
(139, 'Nikon 70-300mm VR AFP f4.5-5.6 DX ED', 14000, 0, 'desciption of product Nikon 70-300mm VR AFP f4.5-5.6 DX ED', 10, 1, 'lens', '{\"image\": \"139\",\"video\": \"\",\"brand\": \"Nikon\",\"storage\":[1,2,3,4,5],\"body\": \"dslr\",\"sensor\": \"apsc\",\"purpose\": [\"tele\", \"general\", \"portrait\"]}'),
(140, 'Sony FE 24mm f1.4 GM', 35000, 0, 'desciption of product Sony FE 24mm f1.4 GM', 10, 1, 'lens', '{\"image\": \"140\",\"video\": \"\",\"brand\": \"Sony\",\"storage\":[1,2,3,4,5],\"body\": \"mrl\",\"sensor\": \"ff\",\"purpose\": [\"fix\", \"general\", \"wide\"]}'),
(141, 'Sony FE 24-240mm f3.5-6.3 OSS', 21000, 0, 'desciption of product Sony FE 24-240mm f3.5-6.3 OSS', 10, 1, 'lens', '{\"image\": \"141\",\"video\": \"\",\"brand\": \"Sony\",\"storage\":[1,2,3,4,5],\"body\": \"mrl\",\"sensor\": \"ff\",\"purpose\": [\"tele\", \"general\", \"wide\", \"portrait\"]}'),
(142, 'Canon RF 70-200mm f4L IS USM', 45000, 0, 'desciption of product Canon RF 70-200mm f4L IS USM', 10, 1, 'lens', '{\"image\": \"142\",\"video\": \"\",\"brand\": \"Canon\",\"storage\":[1,2,3,4,5],\"body\": \"mrl\",\"sensor\": \"ff\",\"purpose\": [\"tele\", \"general\", \"portrait\"]}'),
(143, 'Canon EF 400mm f5.6L USM', 166000, 0, 'desciption of product Canon EF 400mm f5.6L USM', 10, 1, 'lens', '{\"image\": \"143\",\"video\": \"\",\"brand\": \"Canon\",\"storage\":[1,2,3,4,5],\"body\": \"dslr\",\"sensor\": \"ff\",\"purpose\": [\"fix\", \"tele\"]}'),
(144, 'Tamron SP AF 70-300mm F4-5.6 Di VC USD for Nikon', 9500, 0, 'desciption of product Tamron SP AF 70-300mm F4-5.6 Di VC USD for Nikon', 10, 1, 'lens', '{\"image\": \"144\",\"video\": \"\",\"brand\": \"Tamron\",\"storage\":[1,2,3,4,5],\"body\": \"dslr\",\"sensor\": \"apsc\",\"purpose\": [\"tele\", \"general\", \"portrait\"]}'),
(145, 'Sigma 35mm f2 DG DN (C) for Leica L', 31000, 0, 'desciption of product Sigma 35mm f2 DG DN (C) for Leica L', 10, 1, 'lens', '{\"image\": \"145\",\"video\": \"\",\"brand\": \"Sigma\",\"storage\":[1,2,3,4,5],\"body\": \"mrl\",\"sensor\": \"ff\",\"purpose\": [\"general\"]}'),
(146, 'Sony FE 12-24mm f2.8 GM', 73000, 0, 'desciption of product Sony FE 12-24mm f2.8 GM', 10, 1, 'lens', '{\"image\": \"146\",\"video\": \"\",\"brand\": \"Sony\",\"storage\":[1,2,3,4,5],\"body\": \"mrl\",\"sensor\": \"ff\",\"purpose\": [\"fix\", \"general\", \"wide\"]}'),
(147, 'Canon EF 11-24mm f4L USM', 71500, 0, 'desciption of product Canon EF 11-24mm f4L USM', 10, 1, 'lens', '{\"image\": \"147\",\"video\": \"\",\"brand\": \"Canon\",\"storage\":[1,2,3,4,5],\"body\": \"dslr\",\"sensor\": \"ff\",\"purpose\": [\"general\", \"wide\"]}'),
(148, 'Sony 24mm F1.8 ZA E-Mount Carl Zeiss Sonnar', 21000, 0, 'desciption of product Sony 24mm F1.8 ZA E-Mount Carl Zeiss Sonnar', 10, 1, 'lens', '{\"image\": \"148\",\"video\": \"\",\"brand\": \"Sony\",\"storage\":[1,2,3,4,5],\"body\": \"mrl\",\"sensor\": \"ff\",\"purpose\": [\"fix\", \"general\", \"wide\", \"portrait\"]}'),
(149, 'Canon EF-S 18-55mm f3.5-5.6 IS STM', 3000, 0, 'desciption of product Canon EF-S 18-55mm f3.5-5.6 IS STM', 10, 1, 'lens', '{\"image\": \"149\",\"video\": \"\",\"brand\": \"Canon\",\"storage\":[1,2,3,4,5],\"body\": \"dslr\",\"sensor\": \"apsc\",\"purpose\": [\"general\", \"wide\"]}'),
(150, 'Tamron 20mm f2.8 Di III OSD M 12 for Sony E', 8800, 0, 'desciption of product Tamron 20mm f2.8 Di III OSD M 12 for Sony E', 10, 1, 'lens', '{\"image\": \"150\",\"video\": \"\",\"brand\": \"Tamron\",\"storage\":[1,2,3,4,5],\"body\": \"mrl\",\"sensor\": \"apsc\",\"purpose\": [\"fix\", \"general\", \"wide\"]}'),
(151, 'Fujifilm GFX 50S', 133500, 0, 'desciption of product Fujifilm GFX 50S', 10, 1, 'body', '{\"image\": \"151\",\"video\": \"\",\"brand\": \"Fujifilm\",\"storage\":[1,2,3,4,5],\"type\": \"mrl\", \"sensor\": \"med\"}'),
(152, 'Canon CN-E 18-80mm T4.4 L IS KAS S', 120500, 0, 'desciption of product Canon CN-E 18-80mm T4.4 L IS KAS S', 10, 1, 'lens', '{\"image\": \"152\",\"video\": \"\",\"brand\": \"Canon\",\"storage\":[1,2,3,4,5],\"body\": \"cine\",\"sensor\": \"cine\",\"purpose\": [\"general\", \"cine\"]}'),
(153, 'Canon EF 600mm f4L IS II USM', 270000, 0, 'desciption of product Canon EF 600mm f4L IS II USM', 10, 1, 'lens', '{\"image\": \"153\",\"video\": \"\",\"brand\": \"Canon\",\"storage\":[1,2,3,4,5],\"body\": \"dslr\",\"sensor\": \"ff\",\"purpose\": [\"fix\"]}'),
(154, 'Sigma 24mm f1.4 DG HSM Art for Leica L', 15900, 0, 'desciption of product Sigma 24mm f1.4 DG HSM Art for Leica L', 10, 1, 'lens', '{\"image\": \"154\",\"video\": \"\",\"brand\": \"Sigma\",\"storage\":[1,2,3,4,5],\"body\": \"mrl\",\"sensor\": \"ff\",\"purpose\": [\"fix\", \"general\", \"wide\", \"portrait\"]}'),
(155, 'Nikon AF-S NIKKOR 70-200mm f2.8E FL ED VR', 44000, 0, 'desciption of product Nikon AF-S NIKKOR 70-200mm f2.8E FL ED VR', 10, 1, 'lens', '{\"image\": \"155\",\"video\": \"\",\"brand\": \"Nikon\",\"storage\":[1,2,3,4,5],\"body\": \"dslr\",\"sensor\": \"ff\",\"purpose\": [\"tele\", \"general\", \"portrait\"]}'),
(156, 'Canon EOS 5D mark III', 30000, 0, 'desciption of product Canon EOS 5D mark III', 10, 1, 'body', '{\"image\": \"156\",\"video\": \"\",\"brand\": \"Canon\",\"storage\":[1,2,3,4,5],\"type\": \"dslr\", \"sensor\": \"ff\"}'),
(157, 'Tamron AF 17-50mm f2.8 XR Di II LD for Canon', 4900, 0, 'desciption of product Tamron AF 17-50mm f2.8 XR Di II LD for Canon', 10, 1, 'lens', '{\"image\": \"157\",\"video\": \"\",\"brand\": \"Tamron\",\"storage\":[1,2,3,4,5],\"body\": \"dslr\",\"sensor\": \"ff\",\"purpose\": [\"general\", \"wide\", \"portrait\"]}'),
(158, 'Fujifilm XF 50-140mm f2.8 R LM OIS WR', 33600, 0, 'desciption of product Fujifilm XF 50-140mm f2.8 R LM OIS WR', 10, 1, 'lens', '{\"image\": \"158\",\"video\": \"\",\"brand\": \"Fujifilm\",\"storage\":[1,2,3,4,5],\"body\": \"mrl\",\"sensor\": \"med\",\"purpose\": [\"tele\", \"general\", \"portrait\"]}'),
(159, 'Sony E 10-18mm f4 OSS', 18000, 0, 'desciption of product Sony E 10-18mm f4 OSS', 10, 1, 'lens', '{\"image\": \"159\",\"video\": \"\",\"brand\": \"Sony\",\"storage\":[1,2,3,4,5],\"body\": \"mrl\",\"sensor\": \"apsc\",\"purpose\": [\"general\", \"wide\"]}'),
(160, 'Canon CN20x50 IAS H E1', 1530000, 0, 'desciption of product Canon CN20x50 IAS H E1', 10, 1, 'lens', '{\"image\": \"160\",\"video\": \"\",\"brand\": \"Canon\",\"storage\":[1,2,3,4,5],\"body\": \"cine\",\"sensor\": \"cine\",\"purpose\": [\"cine\"]}'),
(161, 'Sony A7 mark II', 25000, 0, 'desciption of product Sony A7 mark II', 10, 1, 'body', '{\"image\": \"161\",\"video\": \"\",\"brand\": \"Sony\",\"storage\":[1,2,3,4,5],\"type\": \"mrl\", \"sensor\": \"ff\"}'),
(162, 'Sigma 105mm f1.4 DG HSM Art for Sony E', 36900, 0, 'desciption of product Sigma 105mm f1.4 DG HSM Art for Sony E', 10, 1, 'lens', '{\"image\": \"162\",\"video\": \"\",\"brand\": \"Sigma\",\"storage\":[1,2,3,4,5],\"body\": \"mrl\",\"sensor\": \"ff\",\"purpose\": [\"fix\", \"tele\", \"portrait\"]}'),
(163, 'Sony A6300', 15000, 0, 'desciption of product Sony A6300', 10, 1, 'body', '{\"image\": \"163\",\"video\": \"\",\"brand\": \"Sony\",\"storage\":[1,2,3,4,5],\"type\": \"mrl\", \"sensor\": \"apsc\"}'),
(164, 'Sony E 70-350mm f4.5-6.3 G OSS', 21000, 0, 'desciption of product Sony E 70-350mm f4.5-6.3 G OSS', 10, 1, 'lens', '{\"image\": \"164\",\"video\": \"\",\"brand\": \"Sony\",\"storage\":[1,2,3,4,5],\"body\": \"mrl\",\"sensor\": \"apsc\",\"purpose\": [\"tele\", \"general\", \"portrait\"]}'),
(165, 'Canon EF 180mm f3.5L Macro USM', 35000, 0, 'desciption of product Canon EF 180mm f3.5L Macro USM', 10, 1, 'lens', '{\"image\": \"165\",\"video\": \"\",\"brand\": \"Canon\",\"storage\":[1,2,3,4,5],\"body\": \"dslr\",\"sensor\": \"ff\",\"purpose\": [\"fix\", \"tele\", \"macro\", \"portrait\"]}'),
(166, 'Canon RF 85mm f2 Macro IS STM', 18000, 0, 'desciption of product Canon RF 85mm f2 Macro IS STM', 10, 1, 'lens', '{\"image\": \"166\",\"video\": \"\",\"brand\": \"Canon\",\"storage\":[1,2,3,4,5],\"body\": \"mrl\",\"sensor\": \"ff\",\"purpose\": [\"fix\", \"macro\", \"portrait\"]}'),
(167, 'Sony FE 200-600mm f5.6-6.3 G OSS', 46000, 0, 'desciption of product Sony FE 200-600mm f5.6-6.3 G OSS', 10, 1, 'lens', '{\"image\": \"167\",\"video\": \"\",\"brand\": \"Sony\",\"storage\":[1,2,3,4,5],\"body\": \"mrl\",\"sensor\": \"ff\",\"purpose\": [\"tele\"]}'),
(168, 'Nikon Z50', 20000, 0, 'desciption of product Nikon Z50', 10, 1, 'body', '{\"image\": \"168\",\"video\": \"\",\"brand\": \"Nikon\",\"storage\":[1,2,3,4,5],\"type\": \"mrl\", \"sensor\": \"apsc\"}'),
(169, 'Sony 16-50mm f3.5-5.6 OSS', 2800, 0, 'desciption of product Sony 16-50mm f3.5-5.6 OSS', 10, 1, 'lens', '{\"image\": \"169\",\"video\": \"\",\"brand\": \"Sony\",\"storage\":[1,2,3,4,5],\"body\": \"mrl\",\"sensor\": \"apsc\",\"purpose\": [\"general\", \"wide\", \"portrait\"]}'),
(170, 'Sony FE 50mm f1.2 GM', 50000, 0, 'desciption of product Sony FE 50mm f1.2 GM', 10, 1, 'lens', '{\"image\": \"170\",\"video\": \"\",\"brand\": \"Sony\",\"storage\":[1,2,3,4,5],\"body\": \"mrl\",\"sensor\": \"ff\",\"purpose\": [\"fix\", \"general\", \"portrait\"]}'),
(171, 'Canon RF 28-70mm f2L USM', 77000, 0, 'desciption of product Canon RF 28-70mm f2L USM', 10, 1, 'lens', '{\"image\": \"171\",\"video\": \"\",\"brand\": \"Canon\",\"storage\":[1,2,3,4,5],\"body\": \"mrl\",\"sensor\": \"ff\",\"purpose\": [\"general\", \"wide\", \"portrait\"]}'),
(172, 'Canon EF 200mm f2L IS USM', 140000, 0, 'desciption of product Canon EF 200mm f2L IS USM', 10, 1, 'lens', '{\"image\": \"172\",\"video\": \"\",\"brand\": \"Canon\",\"storage\":[1,2,3,4,5],\"body\": \"dslr\",\"sensor\": \"ff\",\"purpose\": [\"fix\", \"tele\", \"portrait\"]}'),
(173, 'Sony FE 12-24mm f4 G', 39000, 0, 'desciption of product Sony FE 12-24mm f4 G', 10, 1, 'lens', '{\"image\": \"173\",\"video\": \"\",\"brand\": \"Sony\",\"storage\":[1,2,3,4,5],\"body\": \"mrl\",\"sensor\": \"ff\",\"purpose\": [\"general\", \"wide\"]}'),
(174, 'Nikon AF-S DX 18-140mm f3.5-5.6G ED VR', 5500, 0, 'desciption of product Nikon AF-S DX 18-140mm f3.5-5.6G ED VR', 10, 1, 'lens', '{\"image\": \"174\",\"video\": \"\",\"brand\": \"Nikon\",\"storage\":[1,2,3,4,5],\"body\": \"dslr\",\"sensor\": \"apsc\",\"purpose\": [\"tele\", \"general\", \"wide\", \"portrait\"]}'),
(175, 'Canon EOS M10', 5000, 0, 'desciption of product Canon EOS M10', 10, 1, 'body', '{\"image\": \"175\",\"video\": \"\",\"brand\": \"Canon\",\"storage\":[1,2,3,4,5],\"type\": \"mrl\", \"sensor\": \"apsc\"}'),
(176, 'Nikon AF-S Nikkor 500mm f4D ED-IF II', 88000, 0, 'desciption of product Nikon AF-S Nikkor 500mm f4D ED-IF II', 10, 1, 'lens', '{\"image\": \"176\",\"video\": \"\",\"brand\": \"Nikon\",\"storage\":[1,2,3,4,5],\"body\": \"dslr\",\"sensor\": \"ff\",\"purpose\": [\"fix\", \"tele\"]}'),
(177, 'Sigma 18-35mm f1.8 DC HSM Art for Sony', 15500, 0, 'desciption of product Sigma 18-35mm f1.8 DC HSM Art for Sony', 10, 1, 'lens', '{\"image\": \"177\",\"video\": \"\",\"brand\": \"Sigma\",\"storage\":[1,2,3,4,5],\"body\": \"mrl\",\"sensor\": \"apsc\",\"purpose\": [\"general\", \"wide\", \"portrait\"]}'),
(178, 'Nikon AF DC 105mm F2D', 20200, 0, 'desciption of product Nikon AF DC 105mm F2D', 10, 1, 'lens', '{\"image\": \"178\",\"video\": \"\",\"brand\": \"Nikon\",\"storage\":[1,2,3,4,5],\"body\": \"dslr\",\"sensor\": \"ff\",\"purpose\": [\"fix\", \"tele\", \"portrait\"]}'),
(179, 'Nikon D7100', 6000, 0, 'desciption of product Nikon D7100', 10, 1, 'body', '{\"image\": \"179\",\"video\": \"\",\"brand\": \"Nikon\",\"storage\":[1,2,3,4,5],\"type\": \"dslr\", \"sensor\": \"apsh\"}'),
(180, 'Canon EF-M 18-55mm f3.5-5.6 IS STM', 7500, 0, 'desciption of product Canon EF-M 18-55mm f3.5-5.6 IS STM', 10, 1, 'lens', '{\"image\": \"180\",\"video\": \"\",\"brand\": \"Canon\",\"storage\":[1,2,3,4,5],\"body\": \"dslr\",\"sensor\": \"apsc\",\"purpose\": [\"general\", \"wide\"]}'),
(181, 'Nikon AF-S 18-200mm f3.5-5.6 G ED VR II', 19200, 0, 'desciption of product Nikon AF-S 18-200mm f3.5-5.6 G ED VR II', 10, 1, 'lens', '{\"image\": \"181\",\"video\": \"\",\"brand\": \"Nikon\",\"storage\":[1,2,3,4,5],\"body\": \"dslr\",\"sensor\": \"apsc\",\"purpose\": [\"tele\", \"general\", \"wide\", \"portrait\"]}'),
(182, 'Nikon AF-S 14-24mm f2.8G ED', 35000, 0, 'desciption of product Nikon AF-S 14-24mm f2.8G ED', 10, 1, 'lens', '{\"image\": \"182\",\"video\": \"\",\"brand\": \"Nikon\",\"storage\":[1,2,3,4,5],\"body\": \"dslr\",\"sensor\": \"ff\",\"purpose\": [\"general\", \"wide\"]}'),
(183, 'Sigma 24-35mm F2 DG HSM Art', 19500, 0, 'desciption of product Sigma 24-35mm F2 DG HSM Art', 10, 1, 'lens', '{\"image\": \"183\",\"video\": \"\",\"brand\": \"Sigma\",\"storage\":[1,2,3,4,5],\"body\": \"dslr\",\"sensor\": \"ff\",\"purpose\": [\"general\", \"wide\", \"portrait\"]}'),
(184, 'Sony FE 135mm f1.8 GM', 44000, 0, 'desciption of product Sony FE 135mm f1.8 GM', 10, 1, 'lens', '{\"image\": \"184\",\"video\": \"\",\"brand\": \"Sony\",\"storage\":[1,2,3,4,5],\"body\": \"mrl\",\"sensor\": \"ff\",\"purpose\": [\"fix\", \"tele\", \"portrait\"]}'),
(185, 'Sigma 60-600mm f4.5-6.3 DG OS HSM Sports', 45500, 0, 'desciption of product Sigma 60-600mm f4.5-6.3 DG OS HSM Sports', 10, 1, 'lens', '{\"image\": \"185\",\"video\": \"\",\"brand\": \"Sigma\",\"storage\":[1,2,3,4,5],\"body\": \"dslr\",\"sensor\": \"ff\",\"purpose\": [\"tele\", \"general\"]}'),
(186, 'Sigma 14-24mm f2.8 DG DN Art for Sony E', 31000, 0, 'desciption of product Sigma 14-24mm f2.8 DG DN Art for Sony E', 10, 1, 'lens', '{\"image\": \"186\",\"video\": \"\",\"brand\": \"Sigma\",\"storage\":[1,2,3,4,5],\"body\": \"mrl\",\"sensor\": \"ff\",\"purpose\": [\"general\", \"wide\"]}');
INSERT INTO `item` (`id`, `name`, `price_1`, `price_2`, `description`, `quantity`, `sold`, `category`, `info`) VALUES
(187, 'Nikon AF-S FISHEYE NIKKOR 8-15 F3.5-4.5E ED', 28500, 0, 'desciption of product Nikon AF-S FISHEYE NIKKOR 8-15 F3.5-4.5E ED', 10, 1, 'lens', '{\"image\": \"187\",\"video\": \"\",\"brand\": \"Nikon\",\"storage\":[1,2,3,4,5],\"body\": \"dslr\",\"sensor\": \"ff\",\"purpose\": [\"wide\", \"fisheye\"]}'),
(188, 'Canon EF 24-70mm f2.8L II USM', 38500, 0, 'desciption of product Canon EF 24-70mm f2.8L II USM', 10, 1, 'lens', '{\"image\": \"188\",\"video\": \"\",\"brand\": \"Canon\",\"storage\":[1,2,3,4,5],\"body\": \"dslr\",\"sensor\": \"ff\",\"purpose\": [\"general\", \"wide\", \"portrait\"]}'),
(189, 'Sigma 30mm f1.4 DC DN Contemporary for Canon M', 6300, 0, 'desciption of product Sigma 30mm f1.4 DC DN Contemporary for Canon M', 10, 1, 'lens', '{\"image\": \"189\",\"video\": \"\",\"brand\": \"Sigma\",\"storage\":[1,2,3,4,5],\"body\": \"mrl\",\"sensor\": \"apsc\",\"purpose\": [\"fix\", \"general\"]}'),
(190, 'Canon EF 50mm f1.2L USM', 33000, 0, 'desciption of product Canon EF 50mm f1.2L USM', 10, 1, 'lens', '{\"image\": \"190\",\"video\": \"\",\"brand\": \"Canon\",\"storage\":[1,2,3,4,5],\"body\": \"dslr\",\"sensor\": \"ff\",\"purpose\": [\"fix\", \"general\", \"portrait\"]}'),
(191, 'Fujifilm XT30', 22000, 0, 'desciption of product Fujifilm XT30', 10, 1, 'body', '{\"image\": \"191\",\"video\": \"\",\"brand\": \"Fujifilm\",\"storage\":[1,2,3,4,5],\"type\": \"mrl\", \"sensor\": \"apsc\"}'),
(192, 'Canon RF 600mm f11 IS STM', 20500, 0, 'desciption of product Canon RF 600mm f11 IS STM', 10, 1, 'lens', '{\"image\": \"192\",\"video\": \"\",\"brand\": \"Canon\",\"storage\":[1,2,3,4,5],\"body\": \"mrl\",\"sensor\": \"ff\",\"purpose\": [\"fix\", \"tele\"]}'),
(193, 'Sony A6000', 8000, 0, 'desciption of product Sony A6000', 10, 1, 'body', '{\"image\": \"193\",\"video\": \"\",\"brand\": \"Sony\",\"storage\":[1,2,3,4,5],\"type\": \"mrl\", \"sensor\": \"apsc\"}'),
(194, 'Fujifilm XC 50-230mm f4.5-6.7 OIS', 4500, 0, 'desciption of product Fujifilm XC 50-230mm f4.5-6.7 OIS', 10, 1, 'lens', '{\"image\": \"194\",\"video\": \"\",\"brand\": \"Fujifilm\",\"storage\":[1,2,3,4,5],\"body\": \"mrl\",\"sensor\": \"med\",\"purpose\": [\"tele\", \"general\", \"portrait\"]}'),
(195, 'Canon CN-E 135mm T2.2 L F', 106000, 0, 'desciption of product Canon CN-E 135mm T2.2 L F', 10, 1, 'lens', '{\"image\": \"195\",\"video\": \"\",\"brand\": \"Canon\",\"storage\":[1,2,3,4,5],\"body\": \"cine\",\"sensor\": \"cine\",\"purpose\": [\"fix\", \"portrait\", \"cine\"]}'),
(196, 'Nikon D7200', 8000, 0, 'desciption of product Nikon D7200', 10, 1, 'body', '{\"image\": \"196\",\"video\": \"\",\"brand\": \"Nikon\",\"storage\":[1,2,3,4,5],\"type\": \"dslr\", \"sensor\": \"apsh\"}'),
(197, 'Sony FE 85mm f1.8', 12000, 0, 'desciption of product Sony FE 85mm f1.8', 10, 1, 'lens', '{\"image\": \"197\",\"video\": \"\",\"brand\": \"Sony\",\"storage\":[1,2,3,4,5],\"body\": \"mrl\",\"sensor\": \"ff\",\"purpose\": [\"fix\", \"portrait\"]}'),
(198, 'Canon CN-E 70-200mm T4.4 L IS KAS S', 153000, 0, 'desciption of product Canon CN-E 70-200mm T4.4 L IS KAS S', 10, 1, 'lens', '{\"image\": \"198\",\"video\": \"\",\"brand\": \"Canon\",\"storage\":[1,2,3,4,5],\"body\": \"cine\",\"sensor\": \"cine\",\"purpose\": [\"tele\", \"general\", \"portrait\", \"cine\"]}'),
(199, 'Canon RF 100-500mm f4.5-7.1L IS USM', 77800, 0, 'desciption of product Canon RF 100-500mm f4.5-7.1L IS USM', 10, 1, 'lens', '{\"image\": \"199\",\"video\": \"\",\"brand\": \"Canon\",\"storage\":[1,2,3,4,5],\"body\": \"mrl\",\"sensor\": \"ff\",\"purpose\": [\"tele\"]}'),
(200, 'Canon CN7x17 KAS S E1', 608000, 0, 'desciption of product Canon CN7x17 KAS S E1', 10, 1, 'lens', '{\"image\": \"200\",\"video\": \"\",\"brand\": \"Canon\",\"storage\":[1,2,3,4,5],\"body\": \"cine\",\"sensor\": \"cine\",\"purpose\": [\"cine\"]}'),
(201, 'Canon EOS M50', 16000, 0, 'desciption of product Canon EOS M50', 10, 1, 'body', '{\"image\": \"201\",\"video\": \"\",\"brand\": \"Canon\",\"storage\":[1,2,3,4,5],\"type\": \"mrl\", \"sensor\": \"apsc\"}'),
(202, 'Fujifilm XC 15-45mm f3.5-5.6 OIS PZ', 3200, 0, 'desciption of product Fujifilm XC 15-45mm f3.5-5.6 OIS PZ', 10, 1, 'lens', '{\"image\": \"202\",\"video\": \"\",\"brand\": \"Fujifilm\",\"storage\":[1,2,3,4,5],\"body\": \"mrl\",\"sensor\": \"apsc\",\"purpose\": [\"general\", \"wide\"]}'),
(203, 'Canon CN-E 35mm T1.5 L F', 106000, 0, 'desciption of product Canon CN-E 35mm T1.5 L F', 10, 1, 'lens', '{\"image\": \"203\",\"video\": \"\",\"brand\": \"Canon\",\"storage\":[1,2,3,4,5],\"body\": \"cine\",\"sensor\": \"cine\",\"purpose\": [\"fix\", \"general\", \"cine\"]}'),
(204, 'Canon EF 85mm f1.4L IS USM', 34500, 0, 'desciption of product Canon EF 85mm f1.4L IS USM', 10, 1, 'lens', '{\"image\": \"204\",\"video\": \"\",\"brand\": \"Canon\",\"storage\":[1,2,3,4,5],\"body\": \"dslr\",\"sensor\": \"ff\",\"purpose\": [\"fix\", \"portrait\"]}'),
(205, 'Nikon AF-S NIKKOR 200-500mm f5.6E ED', 32000, 0, 'desciption of product Nikon AF-S NIKKOR 200-500mm f5.6E ED', 10, 1, 'lens', '{\"image\": \"205\",\"video\": \"\",\"brand\": \"Nikon\",\"storage\":[1,2,3,4,5],\"body\": \"dslr\",\"sensor\": \"ff\",\"purpose\": [\"tele\"]}'),
(206, 'Sony FE 70-200mm f4 G OSS', 32000, 0, 'desciption of product Sony FE 70-200mm f4 G OSS', 10, 1, 'lens', '{\"image\": \"206\",\"video\": \"\",\"brand\": \"Sony\",\"storage\":[1,2,3,4,5],\"body\": \"mrl\",\"sensor\": \"ff\",\"purpose\": [\"tele\", \"general\", \"portrait\"]}'),
(207, 'Sony E 16-55mm f2.8 G', 30000, 0, 'desciption of product Sony E 16-55mm f2.8 G', 10, 1, 'lens', '{\"image\": \"207\",\"video\": \"\",\"brand\": \"Sony\",\"storage\":[1,2,3,4,5],\"body\": \"mrl\",\"sensor\": \"apsc\",\"purpose\": [\"general\", \"wide\", \"portrait\"]}'),
(208, 'Canon EF 50mm F1.8 STM', 2500, 0, 'desciption of product Canon EF 50mm F1.8 STM', 10, 1, 'lens', '{\"image\": \"208\",\"video\": \"\",\"brand\": \"Canon\",\"storage\":[1,2,3,4,5],\"body\": \"dslr\",\"sensor\": \"ff\",\"purpose\": [\"fix\", \"general\", \"portrait\"]}'),
(209, 'Fujifilm GF 45-100mm f4 R LM OIS WR', 57500, 0, 'desciption of product Fujifilm GF 45-100mm f4 R LM OIS WR', 10, 1, 'lens', '{\"image\": \"209\",\"video\": \"\",\"brand\": \"Fujifilm\",\"storage\":[1,2,3,4,5],\"body\": \"mrl\",\"sensor\": \"med\",\"purpose\": [\"tele\", \"general\"]}'),
(210, 'Canon RF 50mm f1.2L USM', 60000, 0, 'desciption of product Canon RF 50mm f1.2L USM', 10, 1, 'lens', '{\"image\": \"210\",\"video\": \"\",\"brand\": \"Canon\",\"storage\":[1,2,3,4,5],\"body\": \"mrl\",\"sensor\": \"ff\",\"purpose\": [\"fix\", \"general\", \"portrait\"]}'),
(211, 'Fujifilm XF 70-300mm f4-5.6 R LM OIS WR', 20000, 0, 'desciption of product Fujifilm XF 70-300mm f4-5.6 R LM OIS WR', 10, 1, 'lens', '{\"image\": \"211\",\"video\": \"\",\"brand\": \"Fujifilm\",\"storage\":[1,2,3,4,5],\"body\": \"mrl\",\"sensor\": \"med\",\"purpose\": [\"tele\", \"general\", \"portrait\"]}'),
(212, 'Nikon AF-S DX Micro 40mm F2.8G', 5800, 0, 'desciption of product Nikon AF-S DX Micro 40mm F2.8G', 10, 1, 'lens', '{\"image\": \"212\",\"video\": \"\",\"brand\": \"Nikon\",\"storage\":[1,2,3,4,5],\"body\": \"dslr\",\"sensor\": \"apsc\",\"purpose\": [\"fix\", \"macro\"]}'),
(213, 'Nikon AF-S NIKKOR 200-500MM F5.6E ED VR', 40000, 0, 'desciption of product Nikon AF-S NIKKOR 200-500MM F5.6E ED VR', 10, 1, 'lens', '{\"image\": \"213\",\"video\": \"\",\"brand\": \"Nikon\",\"storage\":[1,2,3,4,5],\"body\": \"dslr\",\"sensor\": \"ff\",\"purpose\": [\"tele\"]}'),
(214, 'Sigma 100-400mm f5-6.3 DG DN OS for Leica L', 21000, 0, 'desciption of product Sigma 100-400mm f5-6.3 DG DN OS for Leica L', 10, 1, 'lens', '{\"image\": \"214\",\"video\": \"\",\"brand\": \"Sigma\",\"storage\":[1,2,3,4,5],\"body\": \"mrl\",\"sensor\": \"ff\",\"purpose\": [\"tele\"]}'),
(215, 'Sony E 35mm f1.8 OSS', 9000, 0, 'desciption of product Sony E 35mm f1.8 OSS', 10, 1, 'lens', '{\"image\": \"215\",\"video\": \"\",\"brand\": \"Sony\",\"storage\":[1,2,3,4,5],\"body\": \"mrl\",\"sensor\": \"apsc\",\"purpose\": [\"fix\", \"general\", \"portrait\"]}'),
(216, 'Sigma 100-400mm f5-6.3 DG DN OS for Sony E', 21000, 0, 'desciption of product Sigma 100-400mm f5-6.3 DG DN OS for Sony E', 10, 1, 'lens', '{\"image\": \"216\",\"video\": \"\",\"brand\": \"Sigma\",\"storage\":[1,2,3,4,5],\"body\": \"mrl\",\"sensor\": \"ff\",\"purpose\": [\"tele\"]}'),
(217, 'Sigma 17-50mm f2.8 EX DC OS HSM for Nikon', 7500, 0, 'desciption of product Sigma 17-50mm f2.8 EX DC OS HSM for Nikon', 10, 1, 'lens', '{\"image\": \"217\",\"video\": \"\",\"brand\": \"Sigma\",\"storage\":[1,2,3,4,5],\"body\": \"dslr\",\"sensor\": \"apsc\",\"purpose\": [\"general\", \"wide\", \"portrait\"]}'),
(218, 'Nikon AF-S 50 f1.8 G', 52000, 0, 'desciption of product Nikon AF-S 50 f1.8 G', 10, 1, 'lens', '{\"image\": \"218\",\"video\": \"\",\"brand\": \"Nikon\",\"storage\":[1,2,3,4,5],\"body\": \"dslr\",\"sensor\": \"ff\",\"purpose\": [\"fix\", \"general\", \"portrait\"]}'),
(219, 'Sony E 50mm f1.8 OSS', 7000, 0, 'desciption of product Sony E 50mm f1.8 OSS', 10, 1, 'lens', '{\"image\": \"219\",\"video\": \"\",\"brand\": \"Sony\",\"storage\":[1,2,3,4,5],\"body\": \"mrl\",\"sensor\": \"apsc\",\"purpose\": [\"fix\", \"general\", \"portrait\"]}'),
(220, 'Canon EF 17-40mm f4L USM', 35000, 0, 'desciption of product Canon EF 17-40mm f4L USM', 10, 1, 'lens', '{\"image\": \"220\",\"video\": \"\",\"brand\": \"Canon\",\"storage\":[1,2,3,4,5],\"body\": \"dslr\",\"sensor\": \"ff\",\"purpose\": [\"general\", \"wide\"]}'),
(221, 'Nikon AF-P DX NIKKOR 10-20mm f4.5-5.6G VR', 7800, 0, 'desciption of product Nikon AF-P DX NIKKOR 10-20mm f4.5-5.6G VR', 10, 1, 'lens', '{\"image\": \"221\",\"video\": \"\",\"brand\": \"Nikon\",\"storage\":[1,2,3,4,5],\"body\": \"dslr\",\"sensor\": \"apsc\",\"purpose\": [\"general\", \"wide\"]}'),
(222, 'Tamron SP 150-600mm f5-6.3 Di VC USD G2 for Canon ', 26600, 0, 'desciption of product Tamron SP 150-600mm f5-6.3 Di VC USD G2 for Canon EF', 10, 1, 'lens', '{\"image\": \"222\",\"video\": \"\",\"brand\": \"Tamron\",\"storage\":[1,2,3,4,5],\"body\": \"dslr\",\"sensor\": \"apsc\",\"purpose\": [\"tele\"]}'),
(223, 'Canon CN-E 85mm T1.3 L F', 105000, 0, 'desciption of product Canon CN-E 85mm T1.3 L F', 10, 1, 'lens', '{\"image\": \"223\",\"video\": \"\",\"brand\": \"Canon\",\"storage\":[1,2,3,4,5],\"body\": \"cine\",\"sensor\": \"cine\",\"purpose\": [\"fix\", \"cine\"]}'),
(224, 'Fujifilm XF 16-80mm f4 R OIS WR', 12500, 0, 'desciption of product Fujifilm XF 16-80mm f4 R OIS WR', 10, 1, 'lens', '{\"image\": \"224\",\"video\": \"\",\"brand\": \"Fujifilm\",\"storage\":[1,2,3,4,5],\"body\": \"mrl\",\"sensor\": \"med\",\"purpose\": [\"general\", \"wide\"]}'),
(225, 'Tamron 17-35mm f2.8-4 DI OSD for Canon EF', 12800, 0, 'desciption of product Tamron 17-35mm f2.8-4 DI OSD for Canon EF', 10, 1, 'lens', '{\"image\": \"225\",\"video\": \"\",\"brand\": \"Tamron\",\"storage\":[1,2,3,4,5],\"body\": \"dslr\",\"sensor\": \"ff\",\"purpose\": [\"general\", \"wide\"]}'),
(226, 'Tamron 17-35mm f2.8-4 DI OSD for Nikon F', 12800, 0, 'desciption of product Tamron 17-35mm f2.8-4 DI OSD for Nikon F', 10, 1, 'lens', '{\"image\": \"226\",\"video\": \"\",\"brand\": \"Tamron\",\"storage\":[1,2,3,4,5],\"body\": \"dslr\",\"sensor\": \"ff\",\"purpose\": [\"general\", \"wide\"]}'),
(227, 'Canon EF-M 28mm f3.5 Macro IS STM', 7800, 0, 'desciption of product Canon EF-M 28mm f3.5 Macro IS STM', 10, 1, 'lens', '{\"image\": \"227\",\"video\": \"\",\"brand\": \"Canon\",\"storage\":[1,2,3,4,5],\"body\": \"mrl\",\"sensor\": \"apsc\",\"purpose\": [\"fix\", \"general\", \"wide\", \"macro\"]}'),
(228, 'Canon RF 15-35mm f2.8L IS USM', 55900, 0, 'desciption of product Canon RF 15-35mm f2.8L IS USM', 10, 1, 'lens', '{\"image\": \"228\",\"video\": \"\",\"brand\": \"Canon\",\"storage\":[1,2,3,4,5],\"body\": \"mrl\",\"sensor\": \"ff\",\"purpose\": [\"general\", \"wide\"]}'),
(229, 'Nikon NIKKOR Z 14-30mm f4 S', 30500, 0, 'desciption of product Nikon NIKKOR Z 14-30mm f4 S', 10, 1, 'lens', '{\"image\": \"229\",\"video\": \"\",\"brand\": \"Nikon\",\"storage\":[1,2,3,4,5],\"body\": \"mrl\",\"sensor\": \"ff\",\"purpose\": [\"general\", \"wide\"]}'),
(230, 'Canon EF 35mm f2 IS USM', 14500, 0, 'desciption of product Canon EF 35mm f2 IS USM', 10, 1, 'lens', '{\"image\": \"230\",\"video\": \"\",\"brand\": \"Canon\",\"storage\":[1,2,3,4,5],\"body\": \"dslr\",\"sensor\": \"ff\",\"purpose\": [\"fix\", \"general\"]}'),
(231, 'Sony FE 28-70mm f3.5-5.6 OSS', 6000, 0, 'desciption of product Sony FE 28-70mm f3.5-5.6 OSS', 10, 1, 'lens', '{\"image\": \"231\",\"video\": \"\",\"brand\": \"Sony\",\"storage\":[1,2,3,4,5],\"body\": \"mrl\",\"sensor\": \"ff\",\"purpose\": [\"general\", \"wide\", \"portrait\"]}'),
(232, 'Canon EOS 80D', 14000, 0, 'desciption of product Canon EOS 80D', 10, 1, 'body', '{\"image\": \"232\",\"video\": \"\",\"brand\": \"Canon\",\"storage\":[1,2,3,4,5],\"type\": \"dslr\", \"sensor\": \"apsc\"}'),
(233, 'Canon EF-S 55-250mm f4-5.6 IS STM', 7500, 0, 'desciption of product Canon EF-S 55-250mm f4-5.6 IS STM', 10, 1, 'lens', '{\"image\": \"233\",\"video\": \"\",\"brand\": \"Canon\",\"storage\":[1,2,3,4,5],\"body\": \"dslr\",\"sensor\": \"apsc\",\"purpose\": [\"tele\", \"general\", \"portrait\"]}'),
(234, 'Canon Extender EF 2X III', 14000, 0, 'desciption of product Canon Extender EF 2X III', 10, 1, 'lens', '{\"image\": \"234\",\"video\": \"\",\"brand\": \"Canon\",\"storage\":[1,2,3,4,5],\"body\": \"dslr\",\"sensor\": \"ff\",\"purpose\": [\"extender\"]}'),
(235, 'Canon Extender EF 1.4X III', 11500, 0, 'desciption of product Canon Extender EF 1.4X III', 10, 1, 'lens', '{\"image\": \"235\",\"video\": \"\",\"brand\": \"Canon\",\"storage\":[1,2,3,4,5],\"body\": \"dslr\",\"sensor\": \"ff\",\"purpose\": [\"extender\"]}'),
(236, 'Canon Converter EF - RF', 7500, 0, 'desciption of product Canon Converter EF - RF', 10, 1, 'lens', '{\"image\": \"236\",\"video\": \"\",\"brand\": \"Canon\",\"storage\":[1,2,3,4,5],\"body\": \"mrl\",\"sensor\": \"ff\",\"purpose\": [\"extender\"]}'),
(237, 'Nikon Converter FTZ', 5800, 0, 'desciption of product Nikon Converter FTZ', 10, 1, 'lens', '{\"image\": \"237\",\"video\": \"\",\"brand\": \"Nikon\",\"storage\":[1,2,3,4,5],\"body\": \"mrl\",\"sensor\": \"ff\",\"purpose\": [\"extender\"]}'),
(238, 'Canon TS-E 17mm f4L Tilt-Shift', 51000, 0, 'desciption of product Canon TS-E 17mm f4L Tilt-Shift', 10, 1, 'lens', '{\"image\": \"238\",\"video\": \"\",\"brand\": \"Canon\",\"storage\":[1,2,3,4,5],\"body\": \"dslr\",\"sensor\": \"ff\",\"purpose\": [\"cine\", \"tshift\"]}'),
(239, 'Canon TS-E 24mm F3.5 L II', 45000, 0, 'desciption of product Canon TS-E 24mm F3.5 L II', 10, 1, 'lens', '{\"image\": \"239\",\"video\": \"\",\"brand\": \"Canon\",\"storage\":[1,2,3,4,5],\"body\": \"dslr\",\"sensor\": \"ff\",\"purpose\": [\"cine\"]}'),
(240, 'Nikon PC-E Micro-NIKKOR 45mm f2.8D ED Tilt-Shift', 44000, 0, 'desciption of product Nikon PC-E Micro-NIKKOR 45mm f2.8D ED Tilt-Shift', 10, 1, 'lens', '{\"image\": \"240\",\"video\": \"\",\"brand\": \"Nikon\",\"storage\":[1,2,3,4,5],\"body\": \"dslr\",\"sensor\": \"ff\",\"purpose\": [\"macro\", \"cine\", \"tshift\"]}'),
(241, 'Flash Godox TT685C for Canon', 2250, 0, 'desciption of product Flash Godox TT685C for Canon', 10, 1, 'flash', '{\"image\": \"241\",\"video\": \"\",\"brand\": \"Godox\",\"storage\":[1,2,3,4,5],\"power\": \"60\", \"body\": \"Canon\"}'),
(242, 'Flash Godox TT685N for Nikon', 2250, 0, 'desciption of product Flash Godox TT685N for Nikon', 10, 1, 'flash', '{\"image\": \"242\",\"video\": \"\",\"brand\": \"Godox\",\"storage\":[1,2,3,4,5],\"power\": \"60\", \"body\": \"Nikon\"}'),
(243, 'GoDox V860C II for Canon', 3090, 0, 'desciption of product GoDox V860C II for Canon', 10, 1, 'flash', '{\"image\": \"243\",\"video\": \"\",\"brand\": \"Godox\",\"storage\":[1,2,3,4,5],\"power\": \"60\", \"body\": \"Canon\"}'),
(244, 'Sony HVL-F32M', 6000, 0, 'desciption of product Sony HVL-F32M', 10, 1, 'flash', '{\"image\": \"244\",\"video\": \"\",\"brand\": \"Sony\",\"storage\":[1,2,3,4,5],\"power\": \"32\", \"body\": \"Sony\"}'),
(245, 'Canon Speedlite 470EX-AI', 10500, 0, 'desciption of product Canon Speedlite 470EX-AI', 10, 1, 'flash', '{\"image\": \"245\",\"video\": \"245\",\"brand\": \"Canon\",\"storage\":[1,2,3,4,5],\"power\": \"47\", \"body\": \"Canon\"}'),
(246, 'Canon Speedlite 600EX II-RT', 11200, 0, 'desciption of product Canon Speedlite 600EX II-RT', 10, 1, 'flash', '{\"image\": \"246\",\"video\": \"\",\"brand\": \"Canon\",\"storage\":[1,2,3,4,5],\"power\": \"60\", \"body\": \"Canon\"}'),
(247, 'Nikon Speedlight SB-700', 9500, 0, 'desciption of product Nikon Speedlight SB-700', 10, 1, 'flash', '{\"image\": \"247\",\"video\": \"\",\"brand\": \"Nikon\",\"storage\":[1,2,3,4,5],\"power\": \"38\", \"body\": \"Nikon\"}'),
(248, 'Nikon SB 5000 Speedlight', 11490, 0, 'desciption of product Nikon SB 5000 Speedlight', 10, 1, 'flash', '{\"image\": \"248\",\"video\": \"\",\"brand\": \"Nikon\",\"storage\":[1,2,3,4,5],\"power\": \"50\", \"body\": \"Nikon\"}');

-- --------------------------------------------------------

--
-- Table structure for table `product`
--

CREATE TABLE `product` (
  `id` varchar(10) NOT NULL,
  `item` int(4) DEFAULT NULL,
  `storage` int(4) DEFAULT NULL,
  `import` timestamp(6) NULL DEFAULT NULL,
  `export` timestamp(6) NULL DEFAULT NULL
) ENGINE=InnoDB DEFAULT CHARSET=utf8mb4;

--
-- Dumping data for table `product`
--

INSERT INTO `product` (`id`, `item`, `storage`, `import`, `export`) VALUES
('A1138CK', 191, 1, '2021-12-01 23:01:02.000000', '0000-00-00 00:00:00.000000'),
('A1181AR', 74, 4, '2021-12-01 23:01:02.000000', '0000-00-00 00:00:00.000000'),
('A1231VX', 90, 2, '2021-12-01 23:01:02.000000', '0000-00-00 00:00:00.000000'),
('A1270YE', 36, 1, '2021-12-01 23:01:02.000000', '0000-00-00 00:00:00.000000'),
('A1359IX', 175, 5, '2021-12-01 23:01:02.000000', '0000-00-00 00:00:00.000000'),
('A1426VI', 1, 2, '2021-12-01 23:01:02.000000', '0000-00-00 00:00:00.000000'),
('A1446EV', 122, 2, '2021-12-01 23:01:02.000000', '0000-00-00 00:00:00.000000'),
('A1498VJ', 218, 3, '2021-12-01 23:01:02.000000', '0000-00-00 00:00:00.000000'),
('A1545FU', 51, 2, '2021-12-01 23:01:02.000000', '0000-00-00 00:00:00.000000'),
('A1899XU', 237, 5, '2021-12-01 23:01:02.000000', '0000-00-00 00:00:00.000000'),
('A2037IK', 238, 2, '2021-12-01 23:01:02.000000', '0000-00-00 00:00:00.000000'),
('A2049ZD', 113, 5, '2021-12-01 23:01:02.000000', '0000-00-00 00:00:00.000000'),
('A2151IH', 32, 5, '2021-12-01 23:01:02.000000', '0000-00-00 00:00:00.000000'),
('A2173KW', 139, 1, '2021-12-01 23:01:02.000000', '0000-00-00 00:00:00.000000'),
('A2538GD', 4, 4, '2021-12-01 23:01:02.000000', '0000-00-00 00:00:00.000000'),
('A2546RB', 187, 1, '2021-12-01 23:01:02.000000', '0000-00-00 00:00:00.000000'),
('A2744PN', 192, 2, '2021-12-01 23:01:02.000000', '0000-00-00 00:00:00.000000'),
('A2959VG', 23, 3, '2021-12-01 23:01:02.000000', '0000-00-00 00:00:00.000000'),
('A3008QJ', 33, 2, '2021-12-01 23:01:02.000000', '0000-00-00 00:00:00.000000'),
('A3011QU', 129, 4, '2021-12-01 23:01:02.000000', '0000-00-00 00:00:00.000000'),
('A3017UH', 86, 4, '2021-12-01 23:01:02.000000', '0000-00-00 00:00:00.000000'),
('A3121TG', 158, 3, '2021-12-01 23:01:02.000000', '0000-00-00 00:00:00.000000'),
('A3621GR', 185, 1, '2021-12-01 23:01:02.000000', '0000-00-00 00:00:00.000000'),
('A3997EJ', 136, 3, '2021-12-01 23:01:02.000000', '0000-00-00 00:00:00.000000'),
('A4077DI', 192, 5, '2021-12-01 23:01:02.000000', '0000-00-00 00:00:00.000000'),
('A4169BQ', 49, 2, '2021-12-01 23:01:02.000000', '0000-00-00 00:00:00.000000'),
('A4236YT', 144, 5, '2021-12-01 23:01:02.000000', '0000-00-00 00:00:00.000000'),
('A4260QZ', 242, 3, '2021-12-01 23:01:02.000000', '0000-00-00 00:00:00.000000'),
('A4628OZ', 20, 2, '2021-12-01 23:01:02.000000', '0000-00-00 00:00:00.000000'),
('A4649NU', 221, 2, '2021-12-01 23:01:02.000000', '0000-00-00 00:00:00.000000'),
('A5116EE', 14, 2, '2021-12-01 23:01:02.000000', '0000-00-00 00:00:00.000000'),
('A5118ST', 145, 3, '2021-12-01 23:01:02.000000', '0000-00-00 00:00:00.000000'),
('A5150GW', 148, 3, '2021-12-01 23:01:02.000000', '0000-00-00 00:00:00.000000'),
('A5193NO', 221, 4, '2021-12-01 23:01:02.000000', '0000-00-00 00:00:00.000000'),
('A5213JU', 171, 4, '2021-12-01 23:01:02.000000', '0000-00-00 00:00:00.000000'),
('A5228YQ', 148, 3, '2021-12-01 23:01:02.000000', '0000-00-00 00:00:00.000000'),
('A5274WL', 36, 4, '2021-12-01 23:01:02.000000', '0000-00-00 00:00:00.000000'),
('A5336RR', 98, 1, '2021-12-01 23:01:02.000000', '0000-00-00 00:00:00.000000'),
('A5531MG', 222, 3, '2021-12-01 23:01:02.000000', '0000-00-00 00:00:00.000000'),
('A5673MY', 74, 1, '2021-12-01 23:01:02.000000', '0000-00-00 00:00:00.000000'),
('A5852IS', 28, 4, '2021-12-01 23:01:02.000000', '0000-00-00 00:00:00.000000'),
('A6002RA', 113, 3, '2021-12-01 23:01:02.000000', '0000-00-00 00:00:00.000000'),
('A6094GN', 172, 3, '2021-12-01 23:01:02.000000', '0000-00-00 00:00:00.000000'),
('A6109XG', 235, 1, '2021-12-01 23:01:02.000000', '0000-00-00 00:00:00.000000'),
('A6135DY', 70, 3, '2021-12-01 23:01:02.000000', '0000-00-00 00:00:00.000000'),
('A6271RS', 27, 3, '2021-12-01 23:01:02.000000', '0000-00-00 00:00:00.000000'),
('A6367TO', 44, 2, '2021-12-01 23:01:02.000000', '0000-00-00 00:00:00.000000'),
('A6379GW', 122, 5, '2021-12-01 23:01:02.000000', '0000-00-00 00:00:00.000000'),
('A6384PL', 113, 3, '2021-12-01 23:01:02.000000', '0000-00-00 00:00:00.000000'),
('A6485ZN', 18, 2, '2021-12-01 23:01:02.000000', '0000-00-00 00:00:00.000000'),
('A6536XH', 216, 1, '2021-12-01 23:01:02.000000', '0000-00-00 00:00:00.000000'),
('A6772SZ', 197, 3, '2021-12-01 23:01:02.000000', '0000-00-00 00:00:00.000000'),
('A6799PH', 104, 5, '2021-12-01 23:01:02.000000', '0000-00-00 00:00:00.000000'),
('A6908VH', 61, 2, '2021-12-01 23:01:02.000000', '0000-00-00 00:00:00.000000'),
('A6954EW', 27, 2, '2021-12-01 23:01:02.000000', '0000-00-00 00:00:00.000000'),
('A7001YF', 239, 2, '2021-12-01 23:01:02.000000', '0000-00-00 00:00:00.000000'),
('A7018HC', 123, 1, '2021-12-01 23:01:02.000000', '0000-00-00 00:00:00.000000'),
('A7135QZ', 80, 2, '2021-12-01 23:01:02.000000', '0000-00-00 00:00:00.000000'),
('A7321YN', 31, 5, '2021-12-01 23:01:02.000000', '0000-00-00 00:00:00.000000'),
('A7340HL', 218, 4, '2021-12-01 23:01:02.000000', '0000-00-00 00:00:00.000000'),
('A7505HJ', 150, 2, '2021-12-01 23:01:02.000000', '0000-00-00 00:00:00.000000'),
('A7897GB', 189, 4, '2021-12-01 23:01:02.000000', '0000-00-00 00:00:00.000000'),
('A7900SF', 228, 5, '2021-12-01 23:01:02.000000', '0000-00-00 00:00:00.000000'),
('A8009CC', 143, 1, '2021-12-01 23:01:02.000000', '0000-00-00 00:00:00.000000'),
('A8326NK', 244, 5, '2021-12-01 23:01:02.000000', '0000-00-00 00:00:00.000000'),
('A8327RY', 154, 5, '2021-12-01 23:01:02.000000', '0000-00-00 00:00:00.000000'),
('A8348TW', 15, 5, '2021-12-01 23:01:02.000000', '0000-00-00 00:00:00.000000'),
('A8505UX', 4, 2, '2021-12-01 23:01:02.000000', '0000-00-00 00:00:00.000000'),
('A8517GI', 132, 1, '2021-12-01 23:01:02.000000', '0000-00-00 00:00:00.000000'),
('A8569YT', 108, 2, '2021-12-01 23:01:02.000000', '0000-00-00 00:00:00.000000'),
('A8805KP', 137, 3, '2021-12-01 23:01:02.000000', '0000-00-00 00:00:00.000000'),
('A9292MK', 92, 2, '2021-12-01 23:01:02.000000', '0000-00-00 00:00:00.000000'),
('A9305QL', 77, 2, '2021-12-01 23:01:02.000000', '0000-00-00 00:00:00.000000'),
('A9572XM', 215, 2, '2021-12-01 23:01:02.000000', '0000-00-00 00:00:00.000000'),
('B1057QC', 205, 4, '2021-12-01 23:01:02.000000', '0000-00-00 00:00:00.000000'),
('B1204TT', 140, 5, '2021-12-01 23:01:02.000000', '0000-00-00 00:00:00.000000'),
('B1276FE', 27, 5, '2021-12-01 23:01:02.000000', '0000-00-00 00:00:00.000000'),
('B1486UF', 69, 4, '2021-12-01 23:01:02.000000', '0000-00-00 00:00:00.000000'),
('B1628QG', 216, 3, '2021-12-01 23:01:02.000000', '0000-00-00 00:00:00.000000'),
('B1800LV', 148, 2, '2021-12-01 23:01:02.000000', '0000-00-00 00:00:00.000000'),
('B1889SW', 125, 5, '2021-12-01 23:01:02.000000', '0000-00-00 00:00:00.000000'),
('B1931NU', 163, 3, '2021-12-01 23:01:02.000000', '0000-00-00 00:00:00.000000'),
('B2084WZ', 88, 3, '2021-12-01 23:01:02.000000', '0000-00-00 00:00:00.000000'),
('B2103VG', 37, 3, '2021-12-01 23:01:02.000000', '0000-00-00 00:00:00.000000'),
('B2109YL', 96, 1, '2021-12-01 23:01:02.000000', '0000-00-00 00:00:00.000000'),
('B2126ZQ', 193, 1, '2021-12-01 23:01:02.000000', '0000-00-00 00:00:00.000000'),
('B2242UJ', 53, 3, '2021-12-01 23:01:02.000000', '0000-00-00 00:00:00.000000'),
('B2249GN', 115, 3, '2021-12-01 23:01:02.000000', '0000-00-00 00:00:00.000000'),
('B2258PF', 135, 3, '2021-12-01 23:01:02.000000', '0000-00-00 00:00:00.000000'),
('B2439XU', 22, 1, '2021-12-01 23:01:02.000000', '0000-00-00 00:00:00.000000'),
('B2613WH', 187, 5, '2021-12-01 23:01:02.000000', '0000-00-00 00:00:00.000000'),
('B2830JU', 76, 3, '2021-12-01 23:01:02.000000', '0000-00-00 00:00:00.000000'),
('B2924SD', 75, 3, '2021-12-01 23:01:02.000000', '0000-00-00 00:00:00.000000'),
('B3033VU', 91, 3, '2021-12-01 23:01:02.000000', '0000-00-00 00:00:00.000000'),
('B3237TP', 94, 4, '2021-12-01 23:01:02.000000', '0000-00-00 00:00:00.000000'),
('B3387KN', 184, 2, '2021-12-01 23:01:02.000000', '0000-00-00 00:00:00.000000'),
('B3414UA', 145, 3, '2021-12-01 23:01:02.000000', '0000-00-00 00:00:00.000000'),
('B3421HA', 18, 1, '2021-12-01 23:01:02.000000', '0000-00-00 00:00:00.000000'),
('B3780WG', 113, 1, '2021-12-01 23:01:02.000000', '0000-00-00 00:00:00.000000'),
('B3788JN', 47, 5, '2021-12-01 23:01:02.000000', '0000-00-00 00:00:00.000000'),
('B3889IR', 53, 2, '2021-12-01 23:01:02.000000', '0000-00-00 00:00:00.000000'),
('B3917PN', 186, 5, '2021-12-01 23:01:02.000000', '0000-00-00 00:00:00.000000'),
('B4024HP', 246, 1, '2021-12-01 23:01:02.000000', '0000-00-00 00:00:00.000000'),
('B4141JM', 243, 1, '2021-12-01 23:01:02.000000', '0000-00-00 00:00:00.000000'),
('B4731PZ', 108, 1, '2021-12-01 23:01:02.000000', '0000-00-00 00:00:00.000000'),
('B4793WE', 176, 1, '2021-12-01 23:01:02.000000', '0000-00-00 00:00:00.000000'),
('B4970DH', 117, 4, '2021-12-01 23:01:02.000000', '0000-00-00 00:00:00.000000'),
('B5012KX', 87, 1, '2021-12-01 23:01:02.000000', '0000-00-00 00:00:00.000000'),
('B5066NU', 168, 3, '2021-12-01 23:01:02.000000', '0000-00-00 00:00:00.000000'),
('B5259BY', 145, 2, '2021-12-01 23:01:02.000000', '0000-00-00 00:00:00.000000'),
('B5309KU', 166, 4, '2021-12-01 23:01:02.000000', '0000-00-00 00:00:00.000000'),
('B5420OH', 170, 1, '2021-12-01 23:01:02.000000', '0000-00-00 00:00:00.000000'),
('B5441JD', 92, 2, '2021-12-01 23:01:02.000000', '0000-00-00 00:00:00.000000'),
('B5670AG', 193, 3, '2021-12-01 23:01:02.000000', '0000-00-00 00:00:00.000000'),
('B5724VI', 177, 4, '2021-12-01 23:01:02.000000', '0000-00-00 00:00:00.000000'),
('B5867MZ', 5, 5, '2021-12-01 23:01:02.000000', '0000-00-00 00:00:00.000000'),
('B5956WM', 209, 3, '2021-12-01 23:01:02.000000', '0000-00-00 00:00:00.000000'),
('B6044GC', 75, 4, '2021-12-01 23:01:02.000000', '0000-00-00 00:00:00.000000'),
('B6172BZ', 34, 4, '2021-12-01 23:01:02.000000', '0000-00-00 00:00:00.000000'),
('B6199QO', 222, 1, '2021-12-01 23:01:02.000000', '0000-00-00 00:00:00.000000'),
('B6267ZG', 68, 1, '2021-12-01 23:01:02.000000', '0000-00-00 00:00:00.000000'),
('B6285AD', 97, 3, '2021-12-01 23:01:02.000000', '0000-00-00 00:00:00.000000'),
('B6397SW', 69, 1, '2021-12-01 23:01:02.000000', '0000-00-00 00:00:00.000000'),
('B6516JE', 83, 3, '2021-12-01 23:01:02.000000', '0000-00-00 00:00:00.000000'),
('B6695BY', 108, 1, '2021-12-01 23:01:02.000000', '0000-00-00 00:00:00.000000'),
('B6701PT', 130, 5, '2021-12-01 23:01:02.000000', '0000-00-00 00:00:00.000000'),
('B6813BA', 236, 1, '2021-12-01 23:01:02.000000', '0000-00-00 00:00:00.000000'),
('B7009MA', 183, 3, '2021-12-01 23:01:02.000000', '0000-00-00 00:00:00.000000'),
('B7331FM', 226, 1, '2021-12-01 23:01:02.000000', '0000-00-00 00:00:00.000000'),
('B7668LR', 3, 1, '2021-12-01 23:01:02.000000', '0000-00-00 00:00:00.000000'),
('B7680ZO', 83, 5, '2021-12-01 23:01:02.000000', '0000-00-00 00:00:00.000000'),
('B7825AM', 74, 2, '2021-12-01 23:01:02.000000', '0000-00-00 00:00:00.000000'),
('B7961EF', 207, 3, '2021-12-01 23:01:02.000000', '0000-00-00 00:00:00.000000'),
('B8269XH', 198, 4, '2021-12-01 23:01:02.000000', '0000-00-00 00:00:00.000000'),
('B8353BU', 201, 4, '2021-12-01 23:01:02.000000', '0000-00-00 00:00:00.000000'),
('B8380DY', 19, 1, '2021-12-01 23:01:02.000000', '0000-00-00 00:00:00.000000'),
('B8403CO', 62, 2, '2021-12-01 23:01:02.000000', '0000-00-00 00:00:00.000000'),
('B8547UU', 223, 1, '2021-12-01 23:01:02.000000', '0000-00-00 00:00:00.000000'),
('B8942LS', 139, 4, '2021-12-01 23:01:02.000000', '0000-00-00 00:00:00.000000'),
('B8963ES', 52, 2, '2021-12-01 23:01:02.000000', '0000-00-00 00:00:00.000000'),
('B9174TA', 2, 1, '2021-12-01 23:01:02.000000', '0000-00-00 00:00:00.000000'),
('B9222OH', 232, 3, '2021-12-01 23:01:02.000000', '0000-00-00 00:00:00.000000'),
('B9615BB', 198, 3, '2021-12-01 23:01:02.000000', '0000-00-00 00:00:00.000000'),
('B9712ZQ', 81, 5, '2021-12-01 23:01:02.000000', '0000-00-00 00:00:00.000000'),
('B9884YJ', 87, 2, '2021-12-01 23:01:02.000000', '0000-00-00 00:00:00.000000'),
('B9930SW', 10, 5, '2021-12-01 23:01:02.000000', '0000-00-00 00:00:00.000000'),
('B9987EK', 156, 5, '2021-12-01 23:01:02.000000', '0000-00-00 00:00:00.000000'),
('C1050BO', 177, 2, '2021-12-01 23:01:02.000000', '0000-00-00 00:00:00.000000'),
('C1168WB', 176, 2, '2021-12-01 23:01:02.000000', '0000-00-00 00:00:00.000000'),
('C1211OO', 78, 1, '2021-12-01 23:01:02.000000', '0000-00-00 00:00:00.000000'),
('C1254IN', 214, 4, '2021-12-01 23:01:02.000000', '0000-00-00 00:00:00.000000'),
('C1260NI', 74, 3, '2021-12-01 23:01:02.000000', '0000-00-00 00:00:00.000000'),
('C1640UV', 50, 3, '2021-12-01 23:01:02.000000', '0000-00-00 00:00:00.000000'),
('C1696QK', 57, 4, '2021-12-01 23:01:02.000000', '0000-00-00 00:00:00.000000'),
('C1767KN', 83, 3, '2021-12-01 23:01:02.000000', '0000-00-00 00:00:00.000000'),
('C1915XM', 113, 4, '2021-12-01 23:01:02.000000', '0000-00-00 00:00:00.000000'),
('C1918XE', 49, 5, '2021-12-01 23:01:02.000000', '0000-00-00 00:00:00.000000'),
('C1948LF', 129, 2, '2021-12-01 23:01:02.000000', '0000-00-00 00:00:00.000000'),
('C2364DX', 140, 3, '2021-12-01 23:01:02.000000', '0000-00-00 00:00:00.000000'),
('C2541HW', 61, 4, '2021-12-01 23:01:02.000000', '0000-00-00 00:00:00.000000'),
('C2672TK', 202, 1, '2021-12-01 23:01:02.000000', '0000-00-00 00:00:00.000000'),
('C2675VS', 179, 2, '2021-12-01 23:01:02.000000', '0000-00-00 00:00:00.000000'),
('C2681AS', 150, 3, '2021-12-01 23:01:02.000000', '0000-00-00 00:00:00.000000'),
('C2683DY', 76, 5, '2021-12-01 23:01:02.000000', '0000-00-00 00:00:00.000000'),
('C2712BJ', 118, 2, '2021-12-01 23:01:02.000000', '0000-00-00 00:00:00.000000'),
('C2952YZ', 224, 2, '2021-12-01 23:01:02.000000', '0000-00-00 00:00:00.000000'),
('C2963WY', 165, 2, '2021-12-01 23:01:02.000000', '0000-00-00 00:00:00.000000'),
('C3020YH', 121, 1, '2021-12-01 23:01:02.000000', '0000-00-00 00:00:00.000000'),
('C3229GZ', 240, 1, '2021-12-01 23:01:02.000000', '0000-00-00 00:00:00.000000'),
('C3378JF', 54, 2, '2021-12-01 23:01:02.000000', '0000-00-00 00:00:00.000000'),
('C3421QO', 71, 4, '2021-12-01 23:01:02.000000', '0000-00-00 00:00:00.000000'),
('C3522DY', 219, 2, '2021-12-01 23:01:02.000000', '0000-00-00 00:00:00.000000'),
('C3660KZ', 137, 2, '2021-12-01 23:01:02.000000', '0000-00-00 00:00:00.000000'),
('C3797WO', 159, 2, '2021-12-01 23:01:02.000000', '0000-00-00 00:00:00.000000'),
('C4091TP', 149, 5, '2021-12-01 23:01:02.000000', '0000-00-00 00:00:00.000000'),
('C4100WR', 72, 2, '2021-12-01 23:01:02.000000', '0000-00-00 00:00:00.000000'),
('C4569HT', 41, 5, '2021-12-01 23:01:02.000000', '0000-00-00 00:00:00.000000'),
('C4628LG', 130, 1, '2021-12-01 23:01:02.000000', '0000-00-00 00:00:00.000000'),
('C4842WR', 141, 1, '2021-12-01 23:01:02.000000', '0000-00-00 00:00:00.000000'),
('C4941XL', 181, 1, '2021-12-01 23:01:02.000000', '0000-00-00 00:00:00.000000'),
('C4973GO', 225, 2, '2021-12-01 23:01:02.000000', '0000-00-00 00:00:00.000000'),
('C5010SS', 158, 3, '2021-12-01 23:01:02.000000', '0000-00-00 00:00:00.000000'),
('C5244ZR', 26, 4, '2021-12-01 23:01:02.000000', '0000-00-00 00:00:00.000000'),
('C5464UA', 243, 3, '2021-12-01 23:01:02.000000', '0000-00-00 00:00:00.000000'),
('C5468RN', 2, 5, '2021-12-01 23:01:02.000000', '0000-00-00 00:00:00.000000'),
('C5487EM', 15, 2, '2021-12-01 23:01:02.000000', '0000-00-00 00:00:00.000000'),
('C5489YV', 55, 4, '2021-12-01 23:01:02.000000', '0000-00-00 00:00:00.000000'),
('C5808SI', 128, 2, '2021-12-01 23:01:02.000000', '0000-00-00 00:00:00.000000'),
('C5894UR', 31, 3, '2021-12-01 23:01:02.000000', '0000-00-00 00:00:00.000000'),
('C5993OY', 189, 1, '2021-12-01 23:01:02.000000', '0000-00-00 00:00:00.000000'),
('C6251PK', 119, 5, '2021-12-01 23:01:02.000000', '0000-00-00 00:00:00.000000'),
('C6499ES', 187, 2, '2021-12-01 23:01:02.000000', '0000-00-00 00:00:00.000000'),
('C6732UB', 228, 3, '2021-12-01 23:01:02.000000', '0000-00-00 00:00:00.000000'),
('C6803YM', 112, 2, '2021-12-01 23:01:02.000000', '0000-00-00 00:00:00.000000'),
('C6818QF', 126, 5, '2021-12-01 23:01:02.000000', '0000-00-00 00:00:00.000000'),
('C6998MH', 9, 2, '2021-12-01 23:01:02.000000', '0000-00-00 00:00:00.000000'),
('C7055AG', 192, 1, '2021-12-01 23:01:02.000000', '0000-00-00 00:00:00.000000'),
('C7350FE', 197, 5, '2021-12-01 23:01:02.000000', '0000-00-00 00:00:00.000000'),
('C7428YZ', 60, 3, '2021-12-01 23:01:02.000000', '0000-00-00 00:00:00.000000'),
('C7981PA', 244, 2, '2021-12-01 23:01:02.000000', '0000-00-00 00:00:00.000000'),
('C8372US', 125, 2, '2021-12-01 23:01:02.000000', '0000-00-00 00:00:00.000000'),
('C8479AC', 212, 5, '2021-12-01 23:01:02.000000', '0000-00-00 00:00:00.000000'),
('C8829BH', 39, 3, '2021-12-01 23:01:02.000000', '0000-00-00 00:00:00.000000'),
('C8846BL', 240, 3, '2021-12-01 23:01:02.000000', '0000-00-00 00:00:00.000000'),
('C8885IE', 95, 4, '2021-12-01 23:01:02.000000', '0000-00-00 00:00:00.000000'),
('C9115BV', 185, 3, '2021-12-01 23:01:02.000000', '0000-00-00 00:00:00.000000'),
('C9341RW', 107, 1, '2021-12-01 23:01:02.000000', '0000-00-00 00:00:00.000000'),
('C9377ET', 205, 3, '2021-12-01 23:01:02.000000', '0000-00-00 00:00:00.000000'),
('C9805GD', 91, 2, '2021-12-01 23:01:02.000000', '0000-00-00 00:00:00.000000'),
('C9917OJ', 34, 2, '2021-12-01 23:01:02.000000', '0000-00-00 00:00:00.000000'),
('D1228DX', 94, 2, '2021-12-01 23:01:02.000000', '0000-00-00 00:00:00.000000'),
('D1276MS', 200, 3, '2021-12-01 23:01:02.000000', '0000-00-00 00:00:00.000000'),
('D1299XC', 211, 4, '2021-12-01 23:01:02.000000', '0000-00-00 00:00:00.000000'),
('D1427TO', 214, 2, '2021-12-01 23:01:02.000000', '0000-00-00 00:00:00.000000'),
('D1440OY', 238, 5, '2021-12-01 23:01:02.000000', '0000-00-00 00:00:00.000000'),
('D1564SU', 48, 4, '2021-12-01 23:01:02.000000', '0000-00-00 00:00:00.000000'),
('D1927YH', 4, 3, '2021-12-01 23:01:02.000000', '0000-00-00 00:00:00.000000'),
('D2037OX', 87, 5, '2021-12-01 23:01:02.000000', '0000-00-00 00:00:00.000000'),
('D2357UI', 120, 4, '2021-12-01 23:01:02.000000', '0000-00-00 00:00:00.000000'),
('D2369YU', 88, 3, '2021-12-01 23:01:02.000000', '0000-00-00 00:00:00.000000'),
('D2403AP', 123, 4, '2021-12-01 23:01:02.000000', '0000-00-00 00:00:00.000000'),
('D2435VC', 136, 4, '2021-12-01 23:01:02.000000', '0000-00-00 00:00:00.000000'),
('D2610ZT', 225, 5, '2021-12-01 23:01:02.000000', '0000-00-00 00:00:00.000000'),
('D2767AJ', 203, 3, '2021-12-01 23:01:02.000000', '0000-00-00 00:00:00.000000'),
('D3088GK', 242, 5, '2021-12-01 23:01:02.000000', '0000-00-00 00:00:00.000000'),
('D3180XT', 103, 2, '2021-12-01 23:01:02.000000', '0000-00-00 00:00:00.000000'),
('D3258FX', 180, 5, '2021-12-01 23:01:02.000000', '0000-00-00 00:00:00.000000'),
('D3519OH', 161, 2, '2021-12-01 23:01:02.000000', '0000-00-00 00:00:00.000000'),
('D3519TM', 73, 3, '2021-12-01 23:01:02.000000', '0000-00-00 00:00:00.000000'),
('D3561WU', 41, 3, '2021-12-01 23:01:02.000000', '0000-00-00 00:00:00.000000'),
('D3626YM', 227, 5, '2021-12-01 23:01:02.000000', '0000-00-00 00:00:00.000000'),
('D3790KR', 25, 5, '2021-12-01 23:01:02.000000', '0000-00-00 00:00:00.000000'),
('D3924ZE', 96, 1, '2021-12-01 23:01:02.000000', '0000-00-00 00:00:00.000000'),
('D4078KK', 198, 2, '2021-12-01 23:01:02.000000', '0000-00-00 00:00:00.000000'),
('D4113LM', 98, 4, '2021-12-01 23:01:02.000000', '0000-00-00 00:00:00.000000'),
('D4233BY', 115, 5, '2021-12-01 23:01:02.000000', '0000-00-00 00:00:00.000000'),
('D4531NG', 105, 5, '2021-12-01 23:01:02.000000', '0000-00-00 00:00:00.000000'),
('D4639LR', 112, 2, '2021-12-01 23:01:02.000000', '0000-00-00 00:00:00.000000'),
('D4735GI', 89, 5, '2021-12-01 23:01:02.000000', '0000-00-00 00:00:00.000000'),
('D4797ND', 36, 3, '2021-12-01 23:01:02.000000', '0000-00-00 00:00:00.000000'),
('D4976WP', 191, 5, '2021-12-01 23:01:02.000000', '0000-00-00 00:00:00.000000'),
('D5050GT', 172, 1, '2021-12-01 23:01:02.000000', '0000-00-00 00:00:00.000000'),
('D5096TM', 153, 1, '2021-12-01 23:01:02.000000', '0000-00-00 00:00:00.000000'),
('D5196WC', 179, 3, '2021-12-01 23:01:02.000000', '0000-00-00 00:00:00.000000'),
('D5457RJ', 168, 2, '2021-12-01 23:01:02.000000', '0000-00-00 00:00:00.000000'),
('D5767XM', 238, 1, '2021-12-01 23:01:02.000000', '0000-00-00 00:00:00.000000'),
('D5808BS', 96, 2, '2021-12-01 23:01:02.000000', '0000-00-00 00:00:00.000000'),
('D5907RP', 35, 2, '2021-12-01 23:01:02.000000', '0000-00-00 00:00:00.000000'),
('D6034OX', 246, 5, '2021-12-01 23:01:02.000000', '0000-00-00 00:00:00.000000'),
('D6445QM', 173, 2, '2021-12-01 23:01:02.000000', '0000-00-00 00:00:00.000000'),
('D6522MC', 179, 1, '2021-12-01 23:01:02.000000', '0000-00-00 00:00:00.000000'),
('D6529IC', 51, 5, '2021-12-01 23:01:02.000000', '0000-00-00 00:00:00.000000'),
('D6540KQ', 114, 4, '2021-12-01 23:01:02.000000', '0000-00-00 00:00:00.000000'),
('D6967LA', 141, 2, '2021-12-01 23:01:02.000000', '0000-00-00 00:00:00.000000'),
('D7010LS', 111, 3, '2021-12-01 23:01:02.000000', '0000-00-00 00:00:00.000000'),
('D7043EQ', 237, 2, '2021-12-01 23:01:02.000000', '0000-00-00 00:00:00.000000'),
('D7524JL', 182, 2, '2021-12-01 23:01:02.000000', '0000-00-00 00:00:00.000000'),
('D7548GL', 12, 1, '2021-12-01 23:01:02.000000', '0000-00-00 00:00:00.000000'),
('D7807JV', 36, 1, '2021-12-01 23:01:02.000000', '0000-00-00 00:00:00.000000'),
('D7989XU', 140, 5, '2021-12-01 23:01:02.000000', '0000-00-00 00:00:00.000000'),
('D8012GY', 27, 4, '2021-12-01 23:01:02.000000', '0000-00-00 00:00:00.000000'),
('D8024YA', 193, 5, '2021-12-01 23:01:02.000000', '0000-00-00 00:00:00.000000'),
('D8229IA', 66, 1, '2021-12-01 23:01:02.000000', '0000-00-00 00:00:00.000000'),
('D8347ZY', 181, 4, '2021-12-01 23:01:02.000000', '0000-00-00 00:00:00.000000'),
('D8740QQ', 53, 4, '2021-12-01 23:01:02.000000', '0000-00-00 00:00:00.000000'),
('D8910KK', 55, 5, '2021-12-01 23:01:02.000000', '0000-00-00 00:00:00.000000'),
('D8987IL', 115, 2, '2021-12-01 23:01:02.000000', '0000-00-00 00:00:00.000000'),
('D8996XB', 116, 1, '2021-12-01 23:01:02.000000', '0000-00-00 00:00:00.000000'),
('D9024MK', 154, 4, '2021-12-01 23:01:02.000000', '0000-00-00 00:00:00.000000'),
('D9155RQ', 130, 3, '2021-12-01 23:01:02.000000', '0000-00-00 00:00:00.000000'),
('D9362XS', 228, 1, '2021-12-01 23:01:02.000000', '0000-00-00 00:00:00.000000'),
('D9446FI', 203, 2, '2021-12-01 23:01:02.000000', '0000-00-00 00:00:00.000000'),
('D9493CD', 27, 1, '2021-12-01 23:01:02.000000', '0000-00-00 00:00:00.000000'),
('D9602VF', 127, 5, '2021-12-01 23:01:02.000000', '0000-00-00 00:00:00.000000'),
('D9792WZ', 67, 3, '2021-12-01 23:01:02.000000', '0000-00-00 00:00:00.000000'),
('D9795JT', 216, 4, '2021-12-01 23:01:02.000000', '0000-00-00 00:00:00.000000'),
('D9908NY', 188, 3, '2021-12-01 23:01:02.000000', '0000-00-00 00:00:00.000000'),
('D9976DX', 118, 3, '2021-12-01 23:01:02.000000', '0000-00-00 00:00:00.000000'),
('E1023AE', 100, 4, '2021-12-01 23:01:02.000000', '0000-00-00 00:00:00.000000'),
('E1084CM', 19, 2, '2021-12-01 23:01:02.000000', '0000-00-00 00:00:00.000000'),
('E1168HF', 111, 4, '2021-12-01 23:01:02.000000', '0000-00-00 00:00:00.000000'),
('E1610TT', 71, 3, '2021-12-01 23:01:02.000000', '0000-00-00 00:00:00.000000'),
('E1631CQ', 215, 5, '2021-12-01 23:01:02.000000', '0000-00-00 00:00:00.000000'),
('E1634ET', 61, 3, '2021-12-01 23:01:02.000000', '0000-00-00 00:00:00.000000'),
('E1783JE', 138, 5, '2021-12-01 23:01:02.000000', '0000-00-00 00:00:00.000000'),
('E1861ZO', 153, 2, '2021-12-01 23:01:02.000000', '0000-00-00 00:00:00.000000'),
('E1958OF', 17, 1, '2021-12-01 23:01:02.000000', '0000-00-00 00:00:00.000000'),
('E2067XA', 119, 1, '2021-12-01 23:01:02.000000', '0000-00-00 00:00:00.000000'),
('E2170TI', 165, 3, '2021-12-01 23:01:02.000000', '0000-00-00 00:00:00.000000'),
('E2205LV', 89, 1, '2021-12-01 23:01:02.000000', '0000-00-00 00:00:00.000000'),
('E2263ZH', 64, 1, '2021-12-01 23:01:02.000000', '0000-00-00 00:00:00.000000'),
('E2313YB', 52, 3, '2021-12-01 23:01:02.000000', '0000-00-00 00:00:00.000000'),
('E2736JV', 38, 3, '2021-12-01 23:01:02.000000', '0000-00-00 00:00:00.000000'),
('E2744KO', 156, 1, '2021-12-01 23:01:02.000000', '0000-00-00 00:00:00.000000'),
('E2767HY', 20, 5, '2021-12-01 23:01:02.000000', '0000-00-00 00:00:00.000000'),
('E2821PV', 152, 1, '2021-12-01 23:01:02.000000', '0000-00-00 00:00:00.000000'),
('E2917AU', 34, 5, '2021-12-01 23:01:02.000000', '0000-00-00 00:00:00.000000'),
('E3096MU', 187, 2, '2021-12-01 23:01:02.000000', '0000-00-00 00:00:00.000000'),
('E3140GA', 181, 5, '2021-12-01 23:01:02.000000', '0000-00-00 00:00:00.000000'),
('E3237QY', 161, 4, '2021-12-01 23:01:02.000000', '0000-00-00 00:00:00.000000'),
('E3496QG', 218, 5, '2021-12-01 23:01:02.000000', '0000-00-00 00:00:00.000000'),
('E3873QN', 9, 3, '2021-12-01 23:01:02.000000', '0000-00-00 00:00:00.000000'),
('E4026JE', 129, 3, '2021-12-01 23:01:02.000000', '0000-00-00 00:00:00.000000'),
('E4422YE', 72, 4, '2021-12-01 23:01:02.000000', '0000-00-00 00:00:00.000000'),
('E4659WL', 25, 3, '2021-12-01 23:01:02.000000', '0000-00-00 00:00:00.000000'),
('E4754QK', 196, 4, '2021-12-01 23:01:02.000000', '0000-00-00 00:00:00.000000'),
('E4798NH', 133, 1, '2021-12-01 23:01:02.000000', '0000-00-00 00:00:00.000000'),
('E5248UY', 20, 3, '2021-12-01 23:01:02.000000', '0000-00-00 00:00:00.000000'),
('E5392ZT', 219, 2, '2021-12-01 23:01:02.000000', '0000-00-00 00:00:00.000000'),
('E5475VG', 137, 5, '2021-12-01 23:01:02.000000', '0000-00-00 00:00:00.000000'),
('E5772RU', 91, 4, '2021-12-01 23:01:02.000000', '0000-00-00 00:00:00.000000'),
('E5964PK', 144, 2, '2021-12-01 23:01:02.000000', '0000-00-00 00:00:00.000000'),
('E6142RC', 75, 3, '2021-12-01 23:01:02.000000', '0000-00-00 00:00:00.000000'),
('E6284FE', 161, 3, '2021-12-01 23:01:02.000000', '0000-00-00 00:00:00.000000'),
('E6386BW', 141, 3, '2021-12-01 23:01:02.000000', '0000-00-00 00:00:00.000000'),
('E6623PL', 32, 2, '2021-12-01 23:01:02.000000', '0000-00-00 00:00:00.000000'),
('E6639UV', 95, 3, '2021-12-01 23:01:02.000000', '0000-00-00 00:00:00.000000'),
('E6762MD', 52, 5, '2021-12-01 23:01:02.000000', '0000-00-00 00:00:00.000000'),
('E7278BL', 63, 5, '2021-12-01 23:01:02.000000', '0000-00-00 00:00:00.000000'),
('E7387KT', 243, 4, '2021-12-01 23:01:02.000000', '0000-00-00 00:00:00.000000'),
('E7645FA', 28, 3, '2021-12-01 23:01:02.000000', '0000-00-00 00:00:00.000000'),
('E7810KR', 222, 2, '2021-12-01 23:01:02.000000', '0000-00-00 00:00:00.000000'),
('E7823KI', 64, 2, '2021-12-01 23:01:02.000000', '0000-00-00 00:00:00.000000'),
('E7866JG', 135, 5, '2021-12-01 23:01:02.000000', '0000-00-00 00:00:00.000000'),
('E8100DM', 54, 5, '2021-12-01 23:01:02.000000', '0000-00-00 00:00:00.000000'),
('E8504GN', 45, 5, '2021-12-01 23:01:02.000000', '0000-00-00 00:00:00.000000'),
('E8623AJ', 226, 4, '2021-12-01 23:01:02.000000', '0000-00-00 00:00:00.000000'),
('E9457ZX', 45, 2, '2021-12-01 23:01:02.000000', '0000-00-00 00:00:00.000000'),
('E9629UB', 32, 5, '2021-12-01 23:01:02.000000', '0000-00-00 00:00:00.000000'),
('F1130OK', 146, 1, '2021-12-01 23:01:02.000000', '0000-00-00 00:00:00.000000'),
('F1190XH', 238, 3, '2021-12-01 23:01:02.000000', '0000-00-00 00:00:00.000000'),
('F1241BX', 42, 2, '2021-12-01 23:01:02.000000', '0000-00-00 00:00:00.000000'),
('F1250VX', 232, 2, '2021-12-01 23:01:02.000000', '0000-00-00 00:00:00.000000'),
('F1381XX', 220, 4, '2021-12-01 23:01:02.000000', '0000-00-00 00:00:00.000000'),
('F1401YP', 184, 4, '2021-12-01 23:01:02.000000', '0000-00-00 00:00:00.000000'),
('F1481YX', 180, 5, '2021-12-01 23:01:02.000000', '0000-00-00 00:00:00.000000'),
('F1672AI', 187, 5, '2021-12-01 23:01:02.000000', '0000-00-00 00:00:00.000000'),
('F1770QF', 16, 4, '2021-12-01 23:01:02.000000', '0000-00-00 00:00:00.000000'),
('F2583VH', 82, 3, '2021-12-01 23:01:02.000000', '0000-00-00 00:00:00.000000'),
('F2997JM', 213, 3, '2021-12-01 23:01:02.000000', '0000-00-00 00:00:00.000000'),
('F3353KZ', 42, 5, '2021-12-01 23:01:02.000000', '0000-00-00 00:00:00.000000'),
('F3360GF', 247, 2, '2021-12-01 23:01:02.000000', '0000-00-00 00:00:00.000000'),
('F3485NE', 5, 1, '2021-12-01 23:01:02.000000', '0000-00-00 00:00:00.000000'),
('F3838KM', 143, 4, '2021-12-01 23:01:02.000000', '0000-00-00 00:00:00.000000'),
('F3870YP', 16, 5, '2021-12-01 23:01:02.000000', '0000-00-00 00:00:00.000000'),
('F4197HE', 72, 3, '2021-12-01 23:01:02.000000', '0000-00-00 00:00:00.000000'),
('F4355PT', 89, 4, '2021-12-01 23:01:02.000000', '0000-00-00 00:00:00.000000'),
('F4559JS', 116, 1, '2021-12-01 23:01:02.000000', '0000-00-00 00:00:00.000000'),
('F4580ZH', 233, 3, '2021-12-01 23:01:02.000000', '0000-00-00 00:00:00.000000'),
('F4735YZ', 214, 2, '2021-12-01 23:01:02.000000', '0000-00-00 00:00:00.000000'),
('F4839HN', 228, 2, '2021-12-01 23:01:02.000000', '0000-00-00 00:00:00.000000'),
('F5015RV', 124, 5, '2021-12-01 23:01:02.000000', '0000-00-00 00:00:00.000000'),
('F5030RT', 158, 1, '2021-12-01 23:01:02.000000', '0000-00-00 00:00:00.000000'),
('F5081FP', 168, 1, '2021-12-01 23:01:02.000000', '0000-00-00 00:00:00.000000'),
('F5212AU', 223, 4, '2021-12-01 23:01:02.000000', '0000-00-00 00:00:00.000000'),
('F5230FW', 219, 5, '2021-12-01 23:01:02.000000', '0000-00-00 00:00:00.000000'),
('F5280JM', 205, 3, '2021-12-01 23:01:02.000000', '0000-00-00 00:00:00.000000'),
('F5324SS', 240, 3, '2021-12-01 23:01:02.000000', '0000-00-00 00:00:00.000000'),
('F5354GG', 61, 1, '2021-12-01 23:01:02.000000', '0000-00-00 00:00:00.000000'),
('F5395UJ', 116, 2, '2021-12-01 23:01:02.000000', '0000-00-00 00:00:00.000000'),
('F5536EC', 79, 2, '2021-12-01 23:01:02.000000', '0000-00-00 00:00:00.000000'),
('F5601XK', 53, 3, '2021-12-01 23:01:02.000000', '0000-00-00 00:00:00.000000'),
('F5657NF', 144, 2, '2021-12-01 23:01:02.000000', '0000-00-00 00:00:00.000000'),
('F5879GY', 86, 1, '2021-12-01 23:01:02.000000', '0000-00-00 00:00:00.000000'),
('F5923UF', 49, 1, '2021-12-01 23:01:02.000000', '0000-00-00 00:00:00.000000'),
('F6169IF', 189, 5, '2021-12-01 23:01:02.000000', '0000-00-00 00:00:00.000000'),
('F6245FZ', 131, 2, '2021-12-01 23:01:02.000000', '0000-00-00 00:00:00.000000'),
('F6417TO', 210, 5, '2021-12-01 23:01:02.000000', '0000-00-00 00:00:00.000000'),
('F6438FN', 95, 2, '2021-12-01 23:01:02.000000', '0000-00-00 00:00:00.000000'),
('F6471PR', 7, 2, '2021-12-01 23:01:02.000000', '0000-00-00 00:00:00.000000'),
('F6493OY', 49, 4, '2021-12-01 23:01:02.000000', '0000-00-00 00:00:00.000000'),
('F6928LR', 148, 4, '2021-12-01 23:01:02.000000', '0000-00-00 00:00:00.000000'),
('F6951FL', 92, 5, '2021-12-01 23:01:02.000000', '0000-00-00 00:00:00.000000'),
('F6998YI', 177, 3, '2021-12-01 23:01:02.000000', '0000-00-00 00:00:00.000000'),
('F7011RO', 164, 4, '2021-12-01 23:01:02.000000', '0000-00-00 00:00:00.000000'),
('F7158JE', 86, 5, '2021-12-01 23:01:02.000000', '0000-00-00 00:00:00.000000'),
('F7181LK', 100, 5, '2021-12-01 23:01:02.000000', '0000-00-00 00:00:00.000000'),
('F7260JE', 49, 3, '2021-12-01 23:01:02.000000', '0000-00-00 00:00:00.000000'),
('F7444SP', 172, 5, '2021-12-01 23:01:02.000000', '0000-00-00 00:00:00.000000'),
('F7485RR', 217, 3, '2021-12-01 23:01:02.000000', '0000-00-00 00:00:00.000000'),
('F7651ZO', 182, 1, '2021-12-01 23:01:02.000000', '0000-00-00 00:00:00.000000'),
('F7733TA', 247, 5, '2021-12-01 23:01:02.000000', '0000-00-00 00:00:00.000000'),
('F7757AK', 24, 1, '2021-12-01 23:01:02.000000', '0000-00-00 00:00:00.000000'),
('F7795RH', 28, 2, '2021-12-01 23:01:02.000000', '0000-00-00 00:00:00.000000'),
('F7849CW', 59, 2, '2021-12-01 23:01:02.000000', '0000-00-00 00:00:00.000000'),
('F8133TG', 38, 3, '2021-12-01 23:01:02.000000', '0000-00-00 00:00:00.000000'),
('F8266FX', 127, 4, '2021-12-01 23:01:02.000000', '0000-00-00 00:00:00.000000'),
('F8408BI', 45, 5, '2021-12-01 23:01:02.000000', '0000-00-00 00:00:00.000000'),
('F8587XE', 220, 5, '2021-12-01 23:01:02.000000', '0000-00-00 00:00:00.000000'),
('F8749AE', 147, 4, '2021-12-01 23:01:02.000000', '0000-00-00 00:00:00.000000'),
('F8766TW', 96, 5, '2021-12-01 23:01:02.000000', '0000-00-00 00:00:00.000000'),
('F8926QM', 94, 2, '2021-12-01 23:01:02.000000', '0000-00-00 00:00:00.000000'),
('F9007GE', 238, 4, '2021-12-01 23:01:02.000000', '0000-00-00 00:00:00.000000'),
('F9051HI', 7, 2, '2021-12-01 23:01:02.000000', '0000-00-00 00:00:00.000000'),
('F9185ZY', 66, 3, '2021-12-01 23:01:02.000000', '0000-00-00 00:00:00.000000'),
('F9432AJ', 71, 2, '2021-12-01 23:01:02.000000', '0000-00-00 00:00:00.000000'),
('F9522ME', 225, 3, '2021-12-01 23:01:02.000000', '0000-00-00 00:00:00.000000'),
('F9559RO', 226, 3, '2021-12-01 23:01:02.000000', '0000-00-00 00:00:00.000000'),
('G1093TN', 102, 4, '2021-12-01 23:01:02.000000', '0000-00-00 00:00:00.000000'),
('G1149QK', 76, 4, '2021-12-01 23:01:02.000000', '0000-00-00 00:00:00.000000'),
('G1350GJ', 39, 4, '2021-12-01 23:01:02.000000', '0000-00-00 00:00:00.000000'),
('G1436EM', 21, 1, '2021-12-01 23:01:02.000000', '0000-00-00 00:00:00.000000'),
('G1495OJ', 9, 5, '2021-12-01 23:01:02.000000', '0000-00-00 00:00:00.000000'),
('G1571FR', 215, 3, '2021-12-01 23:01:02.000000', '0000-00-00 00:00:00.000000'),
('G1575KH', 207, 5, '2021-12-01 23:01:02.000000', '0000-00-00 00:00:00.000000'),
('G1589BS', 164, 1, '2021-12-01 23:01:02.000000', '0000-00-00 00:00:00.000000'),
('G1623IV', 133, 1, '2021-12-01 23:01:02.000000', '0000-00-00 00:00:00.000000'),
('G1826UK', 200, 2, '2021-12-01 23:01:02.000000', '0000-00-00 00:00:00.000000'),
('G1846ZU', 153, 5, '2021-12-01 23:01:02.000000', '0000-00-00 00:00:00.000000'),
('G1918RW', 40, 5, '2021-12-01 23:01:02.000000', '0000-00-00 00:00:00.000000'),
('G2199EM', 146, 5, '2021-12-01 23:01:02.000000', '0000-00-00 00:00:00.000000'),
('G2221YF', 157, 5, '2021-12-01 23:01:02.000000', '0000-00-00 00:00:00.000000'),
('G2313WN', 87, 2, '2021-12-01 23:01:02.000000', '0000-00-00 00:00:00.000000'),
('G2324QS', 19, 4, '2021-12-01 23:01:02.000000', '0000-00-00 00:00:00.000000'),
('G2560VX', 194, 3, '2021-12-01 23:01:02.000000', '0000-00-00 00:00:00.000000'),
('G2799JD', 69, 5, '2021-12-01 23:01:02.000000', '0000-00-00 00:00:00.000000'),
('G3014DB', 108, 5, '2021-12-01 23:01:02.000000', '0000-00-00 00:00:00.000000'),
('G3187WB', 29, 4, '2021-12-01 23:01:02.000000', '0000-00-00 00:00:00.000000'),
('G3371OZ', 195, 4, '2021-12-01 23:01:02.000000', '0000-00-00 00:00:00.000000'),
('G3422PB', 35, 4, '2021-12-01 23:01:02.000000', '0000-00-00 00:00:00.000000'),
('G4375FH', 206, 5, '2021-12-01 23:01:02.000000', '0000-00-00 00:00:00.000000'),
('G4423RH', 176, 4, '2021-12-01 23:01:02.000000', '0000-00-00 00:00:00.000000'),
('G4492YE', 199, 3, '2021-12-01 23:01:02.000000', '0000-00-00 00:00:00.000000'),
('G4557EN', 111, 1, '2021-12-01 23:01:02.000000', '0000-00-00 00:00:00.000000'),
('G4665NP', 112, 1, '2021-12-01 23:01:02.000000', '0000-00-00 00:00:00.000000'),
('G5090AV', 76, 1, '2021-12-01 23:01:02.000000', '0000-00-00 00:00:00.000000'),
('G5105ED', 244, 1, '2021-12-01 23:01:02.000000', '0000-00-00 00:00:00.000000'),
('G5105SZ', 180, 4, '2021-12-01 23:01:02.000000', '0000-00-00 00:00:00.000000'),
('G5106LZ', 151, 1, '2021-12-01 23:01:02.000000', '0000-00-00 00:00:00.000000'),
('G5401AV', 100, 5, '2021-12-01 23:01:02.000000', '0000-00-00 00:00:00.000000'),
('G5428QO', 237, 3, '2021-12-01 23:01:02.000000', '0000-00-00 00:00:00.000000'),
('G5595BE', 123, 3, '2021-12-01 23:01:02.000000', '0000-00-00 00:00:00.000000'),
('G5653VX', 79, 4, '2021-12-01 23:01:02.000000', '0000-00-00 00:00:00.000000'),
('G5781FY', 50, 4, '2021-12-01 23:01:02.000000', '0000-00-00 00:00:00.000000'),
('G5807NH', 226, 5, '2021-12-01 23:01:02.000000', '0000-00-00 00:00:00.000000'),
('G5866ML', 229, 2, '2021-12-01 23:01:02.000000', '0000-00-00 00:00:00.000000'),
('G6070BT', 29, 4, '2021-12-01 23:01:02.000000', '0000-00-00 00:00:00.000000'),
('G6538BO', 147, 1, '2021-12-01 23:01:02.000000', '0000-00-00 00:00:00.000000'),
('G6582TE', 8, 1, '2021-12-01 23:01:02.000000', '0000-00-00 00:00:00.000000'),
('G6742FH', 101, 1, '2021-12-01 23:01:02.000000', '0000-00-00 00:00:00.000000'),
('G6895RU', 132, 5, '2021-12-01 23:01:02.000000', '0000-00-00 00:00:00.000000'),
('G7090MS', 15, 3, '2021-12-01 23:01:02.000000', '0000-00-00 00:00:00.000000'),
('G7559FV', 169, 2, '2021-12-01 23:01:02.000000', '0000-00-00 00:00:00.000000'),
('G7582QR', 8, 1, '2021-12-01 23:01:02.000000', '0000-00-00 00:00:00.000000'),
('G7617NC', 79, 5, '2021-12-01 23:01:02.000000', '0000-00-00 00:00:00.000000'),
('G7627KZ', 97, 5, '2021-12-01 23:01:02.000000', '0000-00-00 00:00:00.000000'),
('G7746ZE', 6, 1, '2021-12-01 23:01:02.000000', '0000-00-00 00:00:00.000000'),
('G7841OM', 55, 2, '2021-12-01 23:01:02.000000', '0000-00-00 00:00:00.000000'),
('G8093DZ', 118, 4, '2021-12-01 23:01:02.000000', '0000-00-00 00:00:00.000000'),
('G8440RQ', 189, 2, '2021-12-01 23:01:02.000000', '0000-00-00 00:00:00.000000'),
('G8573HW', 154, 1, '2021-12-01 23:01:02.000000', '0000-00-00 00:00:00.000000'),
('G8586VU', 38, 2, '2021-12-01 23:01:02.000000', '0000-00-00 00:00:00.000000'),
('G8593JR', 77, 5, '2021-12-01 23:01:02.000000', '0000-00-00 00:00:00.000000'),
('G8683CD', 119, 2, '2021-12-01 23:01:02.000000', '0000-00-00 00:00:00.000000'),
('G9106IF', 43, 2, '2021-12-01 23:01:02.000000', '0000-00-00 00:00:00.000000'),
('G9274XP', 232, 5, '2021-12-01 23:01:02.000000', '0000-00-00 00:00:00.000000'),
('G9304JQ', 4, 2, '2021-12-01 23:01:02.000000', '0000-00-00 00:00:00.000000'),
('G9721YZ', 80, 5, '2021-12-01 23:01:02.000000', '0000-00-00 00:00:00.000000'),
('G9751BS', 122, 2, '2021-12-01 23:01:02.000000', '0000-00-00 00:00:00.000000'),
('G9798VW', 231, 5, '2021-12-01 23:01:02.000000', '0000-00-00 00:00:00.000000'),
('G9823SW', 29, 2, '2021-12-01 23:01:02.000000', '0000-00-00 00:00:00.000000'),
('G9843GE', 22, 5, '2021-12-01 23:01:02.000000', '0000-00-00 00:00:00.000000'),
('H1143HE', 6, 3, '2021-12-01 23:01:02.000000', '0000-00-00 00:00:00.000000'),
('H1342GQ', 222, 4, '2021-12-01 23:01:02.000000', '0000-00-00 00:00:00.000000'),
('H1467HS', 165, 3, '2021-12-01 23:01:02.000000', '0000-00-00 00:00:00.000000'),
('H1486HR', 121, 3, '2021-12-01 23:01:02.000000', '0000-00-00 00:00:00.000000'),
('H1756IH', 11, 1, '2021-12-01 23:01:02.000000', '0000-00-00 00:00:00.000000'),
('H1874QF', 179, 4, '2021-12-01 23:01:02.000000', '0000-00-00 00:00:00.000000'),
('H1973UW', 113, 2, '2021-12-01 23:01:02.000000', '0000-00-00 00:00:00.000000'),
('H2007DR', 226, 2, '2021-12-01 23:01:02.000000', '0000-00-00 00:00:00.000000'),
('H2068WB', 143, 3, '2021-12-01 23:01:02.000000', '0000-00-00 00:00:00.000000'),
('H2109IZ', 132, 4, '2021-12-01 23:01:02.000000', '0000-00-00 00:00:00.000000'),
('H2170AK', 157, 4, '2021-12-01 23:01:02.000000', '0000-00-00 00:00:00.000000'),
('H2215NX', 93, 3, '2021-12-01 23:01:02.000000', '0000-00-00 00:00:00.000000'),
('H2348QO', 11, 4, '2021-12-01 23:01:02.000000', '0000-00-00 00:00:00.000000'),
('H2757EN', 204, 4, '2021-12-01 23:01:02.000000', '0000-00-00 00:00:00.000000'),
('H2783XC', 53, 5, '2021-12-01 23:01:02.000000', '0000-00-00 00:00:00.000000'),
('H2986YU', 91, 1, '2021-12-01 23:01:02.000000', '0000-00-00 00:00:00.000000'),
('H3207SD', 94, 1, '2021-12-01 23:01:02.000000', '0000-00-00 00:00:00.000000'),
('H3242QS', 26, 1, '2021-12-01 23:01:02.000000', '0000-00-00 00:00:00.000000'),
('H3252QH', 234, 4, '2021-12-01 23:01:02.000000', '0000-00-00 00:00:00.000000'),
('H3276LB', 224, 4, '2021-12-01 23:01:02.000000', '0000-00-00 00:00:00.000000'),
('H3334TK', 164, 4, '2021-12-01 23:01:02.000000', '0000-00-00 00:00:00.000000'),
('H3366QM', 190, 5, '2021-12-01 23:01:02.000000', '0000-00-00 00:00:00.000000'),
('H3458PT', 1, 1, '2021-12-01 23:01:02.000000', '0000-00-00 00:00:00.000000'),
('H3638CD', 102, 1, '2021-12-01 23:01:02.000000', '0000-00-00 00:00:00.000000'),
('H3668NV', 42, 1, '2021-12-01 23:01:02.000000', '0000-00-00 00:00:00.000000'),
('H3818PK', 241, 2, '2021-12-01 23:01:02.000000', '0000-00-00 00:00:00.000000'),
('H3979KH', 228, 4, '2021-12-01 23:01:02.000000', '0000-00-00 00:00:00.000000'),
('H4309EM', 211, 1, '2021-12-01 23:01:02.000000', '0000-00-00 00:00:00.000000'),
('H4363DR', 122, 4, '2021-12-01 23:01:02.000000', '0000-00-00 00:00:00.000000'),
('H4563IH', 5, 3, '2021-12-01 23:01:02.000000', '0000-00-00 00:00:00.000000'),
('H4712PX', 124, 4, '2021-12-01 23:01:02.000000', '0000-00-00 00:00:00.000000'),
('H4924MD', 58, 4, '2021-12-01 23:01:02.000000', '0000-00-00 00:00:00.000000'),
('H5047GT', 64, 4, '2021-12-01 23:01:02.000000', '0000-00-00 00:00:00.000000'),
('H5158FL', 181, 4, '2021-12-01 23:01:02.000000', '0000-00-00 00:00:00.000000'),
('H5482PC', 127, 3, '2021-12-01 23:01:02.000000', '0000-00-00 00:00:00.000000'),
('H5523WW', 160, 3, '2021-12-01 23:01:02.000000', '0000-00-00 00:00:00.000000'),
('H5758IL', 147, 2, '2021-12-01 23:01:02.000000', '0000-00-00 00:00:00.000000'),
('H5816SN', 135, 4, '2021-12-01 23:01:02.000000', '0000-00-00 00:00:00.000000'),
('H5822XT', 10, 4, '2021-12-01 23:01:02.000000', '0000-00-00 00:00:00.000000'),
('H5886PG', 33, 5, '2021-12-01 23:01:02.000000', '0000-00-00 00:00:00.000000'),
('H5904FO', 181, 1, '2021-12-01 23:01:02.000000', '0000-00-00 00:00:00.000000'),
('H5913JX', 7, 5, '2021-12-01 23:01:02.000000', '0000-00-00 00:00:00.000000'),
('H6048LW', 244, 3, '2021-12-01 23:01:02.000000', '0000-00-00 00:00:00.000000'),
('H6066OA', 199, 4, '2021-12-01 23:01:02.000000', '0000-00-00 00:00:00.000000'),
('H6259XV', 139, 5, '2021-12-01 23:01:02.000000', '0000-00-00 00:00:00.000000'),
('H6346ED', 201, 5, '2021-12-01 23:01:02.000000', '0000-00-00 00:00:00.000000'),
('H6461ES', 17, 2, '2021-12-01 23:01:02.000000', '0000-00-00 00:00:00.000000'),
('H6509UK', 239, 4, '2021-12-01 23:01:02.000000', '0000-00-00 00:00:00.000000'),
('H6769UI', 95, 3, '2021-12-01 23:01:02.000000', '0000-00-00 00:00:00.000000'),
('H6902RV', 221, 5, '2021-12-01 23:01:02.000000', '0000-00-00 00:00:00.000000'),
('H6917VQ', 78, 1, '2021-12-01 23:01:02.000000', '0000-00-00 00:00:00.000000'),
('H6923CQ', 130, 5, '2021-12-01 23:01:02.000000', '0000-00-00 00:00:00.000000'),
('H7112ZR', 142, 2, '2021-12-01 23:01:02.000000', '0000-00-00 00:00:00.000000'),
('H7260KW', 26, 2, '2021-12-01 23:01:02.000000', '0000-00-00 00:00:00.000000'),
('H7350NC', 191, 2, '2021-12-01 23:01:02.000000', '0000-00-00 00:00:00.000000'),
('H7413WB', 13, 4, '2021-12-01 23:01:02.000000', '0000-00-00 00:00:00.000000'),
('H8074WY', 18, 4, '2021-12-01 23:01:02.000000', '0000-00-00 00:00:00.000000'),
('H8120DO', 230, 2, '2021-12-01 23:01:02.000000', '0000-00-00 00:00:00.000000'),
('H8538NP', 171, 5, '2021-12-01 23:01:02.000000', '0000-00-00 00:00:00.000000'),
('H8677BP', 105, 3, '2021-12-01 23:01:02.000000', '0000-00-00 00:00:00.000000'),
('H8786QG', 109, 4, '2021-12-01 23:01:02.000000', '0000-00-00 00:00:00.000000'),
('H8832GL', 101, 1, '2021-12-01 23:01:02.000000', '0000-00-00 00:00:00.000000'),
('H8853GW', 63, 3, '2021-12-01 23:01:02.000000', '0000-00-00 00:00:00.000000'),
('H8879ZU', 139, 3, '2021-12-01 23:01:02.000000', '0000-00-00 00:00:00.000000'),
('H8898VV', 140, 3, '2021-12-01 23:01:02.000000', '0000-00-00 00:00:00.000000'),
('H9226MA', 241, 4, '2021-12-01 23:01:02.000000', '0000-00-00 00:00:00.000000'),
('H9248NI', 219, 1, '2021-12-01 23:01:02.000000', '0000-00-00 00:00:00.000000'),
('H9307AY', 44, 1, '2021-12-01 23:01:02.000000', '0000-00-00 00:00:00.000000'),
('H9416KT', 161, 5, '2021-12-01 23:01:02.000000', '0000-00-00 00:00:00.000000'),
('H9542ZB', 70, 5, '2021-12-01 23:01:02.000000', '0000-00-00 00:00:00.000000'),
('H9608WR', 247, 2, '2021-12-01 23:01:02.000000', '0000-00-00 00:00:00.000000'),
('H9626KR', 206, 1, '2021-12-01 23:01:02.000000', '0000-00-00 00:00:00.000000'),
('H9645LH', 81, 4, '2021-12-01 23:01:02.000000', '0000-00-00 00:00:00.000000'),
('H9750AD', 21, 2, '2021-12-01 23:01:02.000000', '0000-00-00 00:00:00.000000'),
('I1000VK', 230, 5, '2021-12-01 23:01:02.000000', '0000-00-00 00:00:00.000000'),
('I1176KD', 155, 4, '2021-12-01 23:01:02.000000', '0000-00-00 00:00:00.000000'),
('I1191IN', 88, 2, '2021-12-01 23:01:02.000000', '0000-00-00 00:00:00.000000'),
('I1296TQ', 73, 2, '2021-12-01 23:01:02.000000', '0000-00-00 00:00:00.000000'),
('I1375KP', 204, 2, '2021-12-01 23:01:02.000000', '0000-00-00 00:00:00.000000'),
('I1411VF', 110, 4, '2021-12-01 23:01:02.000000', '0000-00-00 00:00:00.000000'),
('I1676YU', 134, 4, '2021-12-01 23:01:02.000000', '0000-00-00 00:00:00.000000'),
('I1852QG', 149, 1, '2021-12-01 23:01:02.000000', '0000-00-00 00:00:00.000000'),
('I2204GY', 95, 5, '2021-12-01 23:01:02.000000', '0000-00-00 00:00:00.000000'),
('I2323NM', 8, 2, '2021-12-01 23:01:02.000000', '0000-00-00 00:00:00.000000'),
('I2390SW', 134, 1, '2021-12-01 23:01:02.000000', '0000-00-00 00:00:00.000000'),
('I2914KL', 84, 5, '2021-12-01 23:01:02.000000', '0000-00-00 00:00:00.000000'),
('I3131KH', 113, 1, '2021-12-01 23:01:02.000000', '0000-00-00 00:00:00.000000'),
('I3335AI', 153, 1, '2021-12-01 23:01:02.000000', '0000-00-00 00:00:00.000000'),
('I3727JK', 164, 5, '2021-12-01 23:01:02.000000', '0000-00-00 00:00:00.000000'),
('I3909YY', 204, 1, '2021-12-01 23:01:02.000000', '0000-00-00 00:00:00.000000'),
('I3934QI', 85, 2, '2021-12-01 23:01:02.000000', '0000-00-00 00:00:00.000000'),
('I3947WO', 232, 2, '2021-12-01 23:01:02.000000', '0000-00-00 00:00:00.000000'),
('I3969SG', 57, 2, '2021-12-01 23:01:02.000000', '0000-00-00 00:00:00.000000'),
('I3982YU', 118, 1, '2021-12-01 23:01:02.000000', '0000-00-00 00:00:00.000000'),
('I4121HC', 92, 4, '2021-12-01 23:01:02.000000', '0000-00-00 00:00:00.000000'),
('I4325UF', 66, 5, '2021-12-01 23:01:02.000000', '0000-00-00 00:00:00.000000'),
('I4516FQ', 10, 3, '2021-12-01 23:01:02.000000', '0000-00-00 00:00:00.000000'),
('I4758UZ', 75, 1, '2021-12-01 23:01:02.000000', '0000-00-00 00:00:00.000000'),
('I4984ZG', 101, 2, '2021-12-01 23:01:02.000000', '0000-00-00 00:00:00.000000'),
('I5002BQ', 122, 1, '2021-12-01 23:01:02.000000', '0000-00-00 00:00:00.000000'),
('I5244WO', 196, 4, '2021-12-01 23:01:02.000000', '0000-00-00 00:00:00.000000'),
('I5552YB', 103, 1, '2021-12-01 23:01:02.000000', '0000-00-00 00:00:00.000000'),
('I5653WU', 5, 4, '2021-12-01 23:01:02.000000', '0000-00-00 00:00:00.000000'),
('I5658RC', 202, 5, '2021-12-01 23:01:02.000000', '0000-00-00 00:00:00.000000'),
('I5897XZ', 81, 2, '2021-12-01 23:01:02.000000', '0000-00-00 00:00:00.000000'),
('I6019ZT', 216, 2, '2021-12-01 23:01:02.000000', '0000-00-00 00:00:00.000000'),
('I6111KF', 133, 3, '2021-12-01 23:01:02.000000', '0000-00-00 00:00:00.000000'),
('I6234IG', 104, 4, '2021-12-01 23:01:02.000000', '0000-00-00 00:00:00.000000'),
('I6351JN', 103, 5, '2021-12-01 23:01:02.000000', '0000-00-00 00:00:00.000000'),
('I6582YZ', 13, 1, '2021-12-01 23:01:02.000000', '0000-00-00 00:00:00.000000'),
('I6815FD', 241, 3, '2021-12-01 23:01:02.000000', '0000-00-00 00:00:00.000000'),
('I6943HO', 26, 5, '2021-12-01 23:01:02.000000', '0000-00-00 00:00:00.000000'),
('I7106YT', 128, 1, '2021-12-01 23:01:02.000000', '0000-00-00 00:00:00.000000'),
('I7170UK', 231, 1, '2021-12-01 23:01:02.000000', '0000-00-00 00:00:00.000000'),
('I7228KQ', 194, 5, '2021-12-01 23:01:02.000000', '0000-00-00 00:00:00.000000'),
('I7286HD', 173, 3, '2021-12-01 23:01:02.000000', '0000-00-00 00:00:00.000000'),
('I7289TF', 46, 2, '2021-12-01 23:01:02.000000', '0000-00-00 00:00:00.000000'),
('I7304TD', 122, 3, '2021-12-01 23:01:02.000000', '0000-00-00 00:00:00.000000'),
('I7356GN', 25, 3, '2021-12-01 23:01:02.000000', '0000-00-00 00:00:00.000000'),
('I7401KR', 71, 4, '2021-12-01 23:01:02.000000', '0000-00-00 00:00:00.000000'),
('I7477WL', 172, 2, '2021-12-01 23:01:02.000000', '0000-00-00 00:00:00.000000'),
('I7623WG', 120, 3, '2021-12-01 23:01:02.000000', '0000-00-00 00:00:00.000000'),
('I7645BO', 42, 3, '2021-12-01 23:01:02.000000', '0000-00-00 00:00:00.000000'),
('I7788NM', 93, 5, '2021-12-01 23:01:02.000000', '0000-00-00 00:00:00.000000'),
('I7809XI', 195, 5, '2021-12-01 23:01:02.000000', '0000-00-00 00:00:00.000000'),
('I7958RE', 103, 3, '2021-12-01 23:01:02.000000', '0000-00-00 00:00:00.000000'),
('I8004ZJ', 138, 3, '2021-12-01 23:01:02.000000', '0000-00-00 00:00:00.000000'),
('I8190KZ', 164, 2, '2021-12-01 23:01:02.000000', '0000-00-00 00:00:00.000000'),
('I8669AI', 28, 3, '2021-12-01 23:01:02.000000', '0000-00-00 00:00:00.000000'),
('I8862XP', 65, 3, '2021-12-01 23:01:02.000000', '0000-00-00 00:00:00.000000'),
('I8963TN', 27, 5, '2021-12-01 23:01:02.000000', '0000-00-00 00:00:00.000000'),
('I8985QH', 246, 4, '2021-12-01 23:01:02.000000', '0000-00-00 00:00:00.000000'),
('I9134VJ', 17, 5, '2021-12-01 23:01:02.000000', '0000-00-00 00:00:00.000000'),
('I9192AT', 73, 5, '2021-12-01 23:01:02.000000', '0000-00-00 00:00:00.000000'),
('I9267NS', 239, 5, '2021-12-01 23:01:02.000000', '0000-00-00 00:00:00.000000'),
('I9676NR', 65, 4, '2021-12-01 23:01:02.000000', '0000-00-00 00:00:00.000000'),
('I9794BD', 6, 1, '2021-12-01 23:01:02.000000', '0000-00-00 00:00:00.000000'),
('I9875FI', 207, 1, '2021-12-01 23:01:02.000000', '0000-00-00 00:00:00.000000'),
('I9924LW', 33, 3, '2021-12-01 23:01:02.000000', '0000-00-00 00:00:00.000000'),
('J1048IN', 52, 4, '2021-12-01 23:01:02.000000', '0000-00-00 00:00:00.000000'),
('J1124JS', 160, 5, '2021-12-01 23:01:02.000000', '0000-00-00 00:00:00.000000'),
('J1186GE', 69, 2, '2021-12-01 23:01:02.000000', '0000-00-00 00:00:00.000000'),
('J1426DX', 171, 1, '2021-12-01 23:01:02.000000', '0000-00-00 00:00:00.000000'),
('J1582LC', 202, 3, '2021-12-01 23:01:02.000000', '0000-00-00 00:00:00.000000'),
('J1686EI', 74, 5, '2021-12-01 23:01:02.000000', '0000-00-00 00:00:00.000000'),
('J1818ZH', 192, 4, '2021-12-01 23:01:02.000000', '0000-00-00 00:00:00.000000'),
('J1920UH', 18, 1, '2021-12-01 23:01:02.000000', '0000-00-00 00:00:00.000000'),
('J1968ZP', 213, 3, '2021-12-01 23:01:02.000000', '0000-00-00 00:00:00.000000'),
('J2000YD', 121, 5, '2021-12-01 23:01:02.000000', '0000-00-00 00:00:00.000000'),
('J2025TR', 220, 2, '2021-12-01 23:01:02.000000', '0000-00-00 00:00:00.000000'),
('J2223FZ', 10, 1, '2021-12-01 23:01:02.000000', '0000-00-00 00:00:00.000000'),
('J2336GE', 220, 5, '2021-12-01 23:01:02.000000', '0000-00-00 00:00:00.000000'),
('J2385YA', 74, 2, '2021-12-01 23:01:02.000000', '0000-00-00 00:00:00.000000'),
('J2510HL', 25, 4, '2021-12-01 23:01:02.000000', '0000-00-00 00:00:00.000000'),
('J2685GZ', 161, 1, '2021-12-01 23:01:02.000000', '0000-00-00 00:00:00.000000'),
('J3021MA', 67, 4, '2021-12-01 23:01:02.000000', '0000-00-00 00:00:00.000000'),
('J3235LZ', 53, 1, '2021-12-01 23:01:02.000000', '0000-00-00 00:00:00.000000'),
('J3252GD', 78, 2, '2021-12-01 23:01:02.000000', '0000-00-00 00:00:00.000000'),
('J3322FB', 57, 2, '2021-12-01 23:01:02.000000', '0000-00-00 00:00:00.000000'),
('J3675FS', 32, 2, '2021-12-01 23:01:02.000000', '0000-00-00 00:00:00.000000'),
('J3819BS', 156, 4, '2021-12-01 23:01:02.000000', '0000-00-00 00:00:00.000000'),
('J3966KW', 80, 4, '2021-12-01 23:01:02.000000', '0000-00-00 00:00:00.000000'),
('J4056DI', 127, 1, '2021-12-01 23:01:02.000000', '0000-00-00 00:00:00.000000'),
('J4056HX', 197, 2, '2021-12-01 23:01:02.000000', '0000-00-00 00:00:00.000000'),
('J4216CE', 132, 3, '2021-12-01 23:01:02.000000', '0000-00-00 00:00:00.000000'),
('J4306BN', 61, 4, '2021-12-01 23:01:02.000000', '0000-00-00 00:00:00.000000'),
('J4326CO', 129, 4, '2021-12-01 23:01:02.000000', '0000-00-00 00:00:00.000000'),
('J4434VD', 166, 3, '2021-12-01 23:01:02.000000', '0000-00-00 00:00:00.000000'),
('J4471ZM', 11, 3, '2021-12-01 23:01:02.000000', '0000-00-00 00:00:00.000000'),
('J4498MX', 239, 4, '2021-12-01 23:01:02.000000', '0000-00-00 00:00:00.000000'),
('J4889WS', 208, 5, '2021-12-01 23:01:02.000000', '0000-00-00 00:00:00.000000'),
('J4892BX', 102, 5, '2021-12-01 23:01:02.000000', '0000-00-00 00:00:00.000000'),
('J4923TV', 133, 4, '2021-12-01 23:01:02.000000', '0000-00-00 00:00:00.000000');
INSERT INTO `product` (`id`, `item`, `storage`, `import`, `export`) VALUES
('J5424IK', 228, 3, '2021-12-01 23:01:02.000000', '0000-00-00 00:00:00.000000'),
('J5449RE', 85, 3, '2021-12-01 23:01:02.000000', '0000-00-00 00:00:00.000000'),
('J5472SJ', 177, 1, '2021-12-01 23:01:02.000000', '0000-00-00 00:00:00.000000'),
('J5491HT', 77, 2, '2021-12-01 23:01:02.000000', '0000-00-00 00:00:00.000000'),
('J5560IV', 240, 5, '2021-12-01 23:01:02.000000', '0000-00-00 00:00:00.000000'),
('J5573OK', 51, 1, '2021-12-01 23:01:02.000000', '0000-00-00 00:00:00.000000'),
('J5758WL', 88, 1, '2021-12-01 23:01:02.000000', '0000-00-00 00:00:00.000000'),
('J5799HZ', 11, 4, '2021-12-01 23:01:02.000000', '0000-00-00 00:00:00.000000'),
('J5918FY', 136, 5, '2021-12-01 23:01:02.000000', '0000-00-00 00:00:00.000000'),
('J6475MV', 116, 4, '2021-12-01 23:01:02.000000', '0000-00-00 00:00:00.000000'),
('J6511GG', 102, 3, '2021-12-01 23:01:02.000000', '0000-00-00 00:00:00.000000'),
('J6738WO', 184, 4, '2021-12-01 23:01:02.000000', '0000-00-00 00:00:00.000000'),
('J7022WQ', 209, 4, '2021-12-01 23:01:02.000000', '0000-00-00 00:00:00.000000'),
('J7412OE', 106, 1, '2021-12-01 23:01:02.000000', '0000-00-00 00:00:00.000000'),
('J7426VK', 146, 4, '2021-12-01 23:01:02.000000', '0000-00-00 00:00:00.000000'),
('J7667SN', 81, 1, '2021-12-01 23:01:02.000000', '0000-00-00 00:00:00.000000'),
('J7871HW', 149, 2, '2021-12-01 23:01:02.000000', '0000-00-00 00:00:00.000000'),
('J8342VH', 159, 4, '2021-12-01 23:01:02.000000', '0000-00-00 00:00:00.000000'),
('J8496EB', 128, 3, '2021-12-01 23:01:02.000000', '0000-00-00 00:00:00.000000'),
('J8525MC', 177, 5, '2021-12-01 23:01:02.000000', '0000-00-00 00:00:00.000000'),
('J8621XZ', 121, 4, '2021-12-01 23:01:02.000000', '0000-00-00 00:00:00.000000'),
('J8657QT', 240, 5, '2021-12-01 23:01:02.000000', '0000-00-00 00:00:00.000000'),
('J8716TZ', 150, 4, '2021-12-01 23:01:02.000000', '0000-00-00 00:00:00.000000'),
('J8754US', 121, 1, '2021-12-01 23:01:02.000000', '0000-00-00 00:00:00.000000'),
('J8774NY', 178, 1, '2021-12-01 23:01:02.000000', '0000-00-00 00:00:00.000000'),
('J8848JT', 6, 2, '2021-12-01 23:01:02.000000', '0000-00-00 00:00:00.000000'),
('J8974XW', 47, 1, '2021-12-01 23:01:02.000000', '0000-00-00 00:00:00.000000'),
('J9011GF', 68, 3, '2021-12-01 23:01:02.000000', '0000-00-00 00:00:00.000000'),
('J9155GW', 195, 2, '2021-12-01 23:01:02.000000', '0000-00-00 00:00:00.000000'),
('J9176WM', 117, 2, '2021-12-01 23:01:02.000000', '0000-00-00 00:00:00.000000'),
('J9616UP', 247, 1, '2021-12-01 23:01:02.000000', '0000-00-00 00:00:00.000000'),
('J9654AQ', 109, 4, '2021-12-01 23:01:02.000000', '0000-00-00 00:00:00.000000'),
('J9659OX', 175, 5, '2021-12-01 23:01:02.000000', '0000-00-00 00:00:00.000000'),
('J9695AF', 242, 4, '2021-12-01 23:01:02.000000', '0000-00-00 00:00:00.000000'),
('K1085AS', 187, 3, '2021-12-01 23:01:02.000000', '0000-00-00 00:00:00.000000'),
('K1187HL', 55, 1, '2021-12-01 23:01:02.000000', '0000-00-00 00:00:00.000000'),
('K1376MR', 19, 2, '2021-12-01 23:01:02.000000', '0000-00-00 00:00:00.000000'),
('K1513AL', 62, 5, '2021-12-01 23:01:02.000000', '0000-00-00 00:00:00.000000'),
('K1853EV', 120, 3, '2021-12-01 23:01:02.000000', '0000-00-00 00:00:00.000000'),
('K2339ZU', 145, 5, '2021-12-01 23:01:02.000000', '0000-00-00 00:00:00.000000'),
('K2577ZI', 41, 1, '2021-12-01 23:01:02.000000', '0000-00-00 00:00:00.000000'),
('K2931YY', 177, 2, '2021-12-01 23:01:02.000000', '0000-00-00 00:00:00.000000'),
('K3119JY', 135, 1, '2021-12-01 23:01:02.000000', '0000-00-00 00:00:00.000000'),
('K3452ZZ', 5, 3, '2021-12-01 23:01:02.000000', '0000-00-00 00:00:00.000000'),
('K3479XS', 32, 3, '2021-12-01 23:01:02.000000', '0000-00-00 00:00:00.000000'),
('K3664EU', 178, 2, '2021-12-01 23:01:02.000000', '0000-00-00 00:00:00.000000'),
('K3734JJ', 26, 4, '2021-12-01 23:01:02.000000', '0000-00-00 00:00:00.000000'),
('K3775NM', 54, 2, '2021-12-01 23:01:02.000000', '0000-00-00 00:00:00.000000'),
('K3865XN', 189, 4, '2021-12-01 23:01:02.000000', '0000-00-00 00:00:00.000000'),
('K4354OG', 242, 5, '2021-12-01 23:01:02.000000', '0000-00-00 00:00:00.000000'),
('K4405BX', 107, 4, '2021-12-01 23:01:02.000000', '0000-00-00 00:00:00.000000'),
('K4448WV', 198, 1, '2021-12-01 23:01:02.000000', '0000-00-00 00:00:00.000000'),
('K4463WS', 102, 2, '2021-12-01 23:01:02.000000', '0000-00-00 00:00:00.000000'),
('K4825DV', 200, 4, '2021-12-01 23:01:02.000000', '0000-00-00 00:00:00.000000'),
('K5251PY', 36, 5, '2021-12-01 23:01:02.000000', '0000-00-00 00:00:00.000000'),
('K5254UG', 100, 1, '2021-12-01 23:01:02.000000', '0000-00-00 00:00:00.000000'),
('K5588DZ', 217, 5, '2021-12-01 23:01:02.000000', '0000-00-00 00:00:00.000000'),
('K5702HR', 203, 4, '2021-12-01 23:01:02.000000', '0000-00-00 00:00:00.000000'),
('K5769LO', 171, 1, '2021-12-01 23:01:02.000000', '0000-00-00 00:00:00.000000'),
('K5812ER', 89, 4, '2021-12-01 23:01:02.000000', '0000-00-00 00:00:00.000000'),
('K5875WJ', 212, 3, '2021-12-01 23:01:02.000000', '0000-00-00 00:00:00.000000'),
('K5876XX', 97, 2, '2021-12-01 23:01:02.000000', '0000-00-00 00:00:00.000000'),
('K5921MG', 173, 3, '2021-12-01 23:01:02.000000', '0000-00-00 00:00:00.000000'),
('K5935YB', 16, 1, '2021-12-01 23:01:02.000000', '0000-00-00 00:00:00.000000'),
('K6349AY', 229, 3, '2021-12-01 23:01:02.000000', '0000-00-00 00:00:00.000000'),
('K6625EN', 221, 3, '2021-12-01 23:01:02.000000', '0000-00-00 00:00:00.000000'),
('K6716HN', 124, 4, '2021-12-01 23:01:02.000000', '0000-00-00 00:00:00.000000'),
('K6772VZ', 66, 1, '2021-12-01 23:01:02.000000', '0000-00-00 00:00:00.000000'),
('K6811AQ', 247, 4, '2021-12-01 23:01:02.000000', '0000-00-00 00:00:00.000000'),
('K6844LI', 208, 4, '2021-12-01 23:01:02.000000', '0000-00-00 00:00:00.000000'),
('K6901VI', 71, 5, '2021-12-01 23:01:02.000000', '0000-00-00 00:00:00.000000'),
('K7008AL', 152, 2, '2021-12-01 23:01:02.000000', '0000-00-00 00:00:00.000000'),
('K7146YE', 167, 2, '2021-12-01 23:01:02.000000', '0000-00-00 00:00:00.000000'),
('K7189HX', 99, 3, '2021-12-01 23:01:02.000000', '0000-00-00 00:00:00.000000'),
('K7197IL', 108, 3, '2021-12-01 23:01:02.000000', '0000-00-00 00:00:00.000000'),
('K7239TD', 233, 4, '2021-12-01 23:01:02.000000', '0000-00-00 00:00:00.000000'),
('K7384ZQ', 245, 3, '2021-12-01 23:01:02.000000', '0000-00-00 00:00:00.000000'),
('K7458BL', 41, 4, '2021-12-01 23:01:02.000000', '0000-00-00 00:00:00.000000'),
('K7678KU', 179, 5, '2021-12-01 23:01:02.000000', '0000-00-00 00:00:00.000000'),
('K7696WB', 167, 1, '2021-12-01 23:01:02.000000', '0000-00-00 00:00:00.000000'),
('K7714JM', 6, 4, '2021-12-01 23:01:02.000000', '0000-00-00 00:00:00.000000'),
('K7858QY', 176, 3, '2021-12-01 23:01:02.000000', '0000-00-00 00:00:00.000000'),
('K7892GG', 111, 4, '2021-12-01 23:01:02.000000', '0000-00-00 00:00:00.000000'),
('K7970DE', 104, 1, '2021-12-01 23:01:02.000000', '0000-00-00 00:00:00.000000'),
('K8144IY', 4, 4, '2021-12-01 23:01:02.000000', '0000-00-00 00:00:00.000000'),
('K8198MY', 133, 3, '2021-12-01 23:01:02.000000', '0000-00-00 00:00:00.000000'),
('K8333II', 15, 3, '2021-12-01 23:01:02.000000', '0000-00-00 00:00:00.000000'),
('K8699MZ', 235, 3, '2021-12-01 23:01:02.000000', '0000-00-00 00:00:00.000000'),
('K8726CA', 71, 1, '2021-12-01 23:01:02.000000', '0000-00-00 00:00:00.000000'),
('K9136YA', 155, 3, '2021-12-01 23:01:02.000000', '0000-00-00 00:00:00.000000'),
('K9144VI', 120, 2, '2021-12-01 23:01:02.000000', '0000-00-00 00:00:00.000000'),
('K9191WM', 99, 2, '2021-12-01 23:01:02.000000', '0000-00-00 00:00:00.000000'),
('K9208XB', 34, 3, '2021-12-01 23:01:02.000000', '0000-00-00 00:00:00.000000'),
('K9614RH', 191, 4, '2021-12-01 23:01:02.000000', '0000-00-00 00:00:00.000000'),
('K9691PV', 114, 5, '2021-12-01 23:01:02.000000', '0000-00-00 00:00:00.000000'),
('K9879YA', 48, 2, '2021-12-01 23:01:02.000000', '0000-00-00 00:00:00.000000'),
('K9981CR', 98, 1, '2021-12-01 23:01:02.000000', '0000-00-00 00:00:00.000000'),
('L1069BY', 58, 2, '2021-12-01 23:01:02.000000', '0000-00-00 00:00:00.000000'),
('L1099FW', 190, 4, '2021-12-01 23:01:02.000000', '0000-00-00 00:00:00.000000'),
('L1155BC', 235, 3, '2021-12-01 23:01:02.000000', '0000-00-00 00:00:00.000000'),
('L1197UE', 191, 3, '2021-12-01 23:01:02.000000', '0000-00-00 00:00:00.000000'),
('L1446FA', 13, 5, '2021-12-01 23:01:02.000000', '0000-00-00 00:00:00.000000'),
('L1472QQ', 27, 2, '2021-12-01 23:01:02.000000', '0000-00-00 00:00:00.000000'),
('L1751HJ', 230, 3, '2021-12-01 23:01:02.000000', '0000-00-00 00:00:00.000000'),
('L1826AR', 118, 1, '2021-12-01 23:01:02.000000', '0000-00-00 00:00:00.000000'),
('L1991KT', 81, 3, '2021-12-01 23:01:02.000000', '0000-00-00 00:00:00.000000'),
('L2103CX', 149, 4, '2021-12-01 23:01:02.000000', '0000-00-00 00:00:00.000000'),
('L2177HT', 179, 2, '2021-12-01 23:01:02.000000', '0000-00-00 00:00:00.000000'),
('L2344TK', 84, 1, '2021-12-01 23:01:02.000000', '0000-00-00 00:00:00.000000'),
('L2485EP', 90, 5, '2021-12-01 23:01:02.000000', '0000-00-00 00:00:00.000000'),
('L2496GK', 156, 3, '2021-12-01 23:01:02.000000', '0000-00-00 00:00:00.000000'),
('L2519PI', 211, 2, '2021-12-01 23:01:02.000000', '0000-00-00 00:00:00.000000'),
('L2622DA', 178, 4, '2021-12-01 23:01:02.000000', '0000-00-00 00:00:00.000000'),
('L2625EN', 131, 3, '2021-12-01 23:01:02.000000', '0000-00-00 00:00:00.000000'),
('L2724XA', 206, 3, '2021-12-01 23:01:02.000000', '0000-00-00 00:00:00.000000'),
('L2901QN', 52, 1, '2021-12-01 23:01:02.000000', '0000-00-00 00:00:00.000000'),
('L3129QE', 65, 5, '2021-12-01 23:01:02.000000', '0000-00-00 00:00:00.000000'),
('L3176SS', 229, 1, '2021-12-01 23:01:02.000000', '0000-00-00 00:00:00.000000'),
('L3341ZR', 176, 4, '2021-12-01 23:01:02.000000', '0000-00-00 00:00:00.000000'),
('L3478GY', 170, 3, '2021-12-01 23:01:02.000000', '0000-00-00 00:00:00.000000'),
('L3506JA', 147, 5, '2021-12-01 23:01:02.000000', '0000-00-00 00:00:00.000000'),
('L3518ZB', 184, 3, '2021-12-01 23:01:02.000000', '0000-00-00 00:00:00.000000'),
('L3527KK', 84, 2, '2021-12-01 23:01:02.000000', '0000-00-00 00:00:00.000000'),
('L3698RM', 38, 1, '2021-12-01 23:01:02.000000', '0000-00-00 00:00:00.000000'),
('L3818HQ', 61, 5, '2021-12-01 23:01:02.000000', '0000-00-00 00:00:00.000000'),
('L4279HK', 40, 1, '2021-12-01 23:01:02.000000', '0000-00-00 00:00:00.000000'),
('L4332ZY', 160, 4, '2021-12-01 23:01:02.000000', '0000-00-00 00:00:00.000000'),
('L4435ED', 237, 4, '2021-12-01 23:01:02.000000', '0000-00-00 00:00:00.000000'),
('L4460LG', 54, 4, '2021-12-01 23:01:02.000000', '0000-00-00 00:00:00.000000'),
('L4590SM', 197, 2, '2021-12-01 23:01:02.000000', '0000-00-00 00:00:00.000000'),
('L4600SF', 30, 4, '2021-12-01 23:01:02.000000', '0000-00-00 00:00:00.000000'),
('L4613NA', 131, 5, '2021-12-01 23:01:02.000000', '0000-00-00 00:00:00.000000'),
('L4992VS', 47, 4, '2021-12-01 23:01:02.000000', '0000-00-00 00:00:00.000000'),
('L5173PS', 47, 2, '2021-12-01 23:01:02.000000', '0000-00-00 00:00:00.000000'),
('L5184DH', 182, 3, '2021-12-01 23:01:02.000000', '0000-00-00 00:00:00.000000'),
('L5241NT', 111, 2, '2021-12-01 23:01:02.000000', '0000-00-00 00:00:00.000000'),
('L5343VZ', 54, 4, '2021-12-01 23:01:02.000000', '0000-00-00 00:00:00.000000'),
('L5491RS', 62, 5, '2021-12-01 23:01:02.000000', '0000-00-00 00:00:00.000000'),
('L5539SB', 121, 2, '2021-12-01 23:01:02.000000', '0000-00-00 00:00:00.000000'),
('L5547DU', 169, 4, '2021-12-01 23:01:02.000000', '0000-00-00 00:00:00.000000'),
('L5864IR', 196, 1, '2021-12-01 23:01:02.000000', '0000-00-00 00:00:00.000000'),
('L5881JF', 134, 4, '2021-12-01 23:01:02.000000', '0000-00-00 00:00:00.000000'),
('L5921RI', 102, 5, '2021-12-01 23:01:02.000000', '0000-00-00 00:00:00.000000'),
('L6032TV', 26, 1, '2021-12-01 23:01:02.000000', '0000-00-00 00:00:00.000000'),
('L6039MN', 10, 3, '2021-12-01 23:01:02.000000', '0000-00-00 00:00:00.000000'),
('L6093CX', 50, 5, '2021-12-01 23:01:02.000000', '0000-00-00 00:00:00.000000'),
('L6194MC', 200, 3, '2021-12-01 23:01:02.000000', '0000-00-00 00:00:00.000000'),
('L6195JR', 63, 1, '2021-12-01 23:01:02.000000', '0000-00-00 00:00:00.000000'),
('L6402NU', 134, 3, '2021-12-01 23:01:02.000000', '0000-00-00 00:00:00.000000'),
('L6589RZ', 89, 2, '2021-12-01 23:01:02.000000', '0000-00-00 00:00:00.000000'),
('L6632JH', 234, 5, '2021-12-01 23:01:02.000000', '0000-00-00 00:00:00.000000'),
('L6853TV', 10, 5, '2021-12-01 23:01:02.000000', '0000-00-00 00:00:00.000000'),
('L6932GN', 234, 2, '2021-12-01 23:01:02.000000', '0000-00-00 00:00:00.000000'),
('L6939YA', 239, 3, '2021-12-01 23:01:02.000000', '0000-00-00 00:00:00.000000'),
('L7527HR', 153, 3, '2021-12-01 23:01:02.000000', '0000-00-00 00:00:00.000000'),
('L7595FS', 195, 5, '2021-12-01 23:01:02.000000', '0000-00-00 00:00:00.000000'),
('L7734AE', 93, 1, '2021-12-01 23:01:02.000000', '0000-00-00 00:00:00.000000'),
('L7925YA', 118, 5, '2021-12-01 23:01:02.000000', '0000-00-00 00:00:00.000000'),
('L7937BB', 39, 5, '2021-12-01 23:01:02.000000', '0000-00-00 00:00:00.000000'),
('L8215OT', 14, 1, '2021-12-01 23:01:02.000000', '0000-00-00 00:00:00.000000'),
('L8548MR', 185, 5, '2021-12-01 23:01:02.000000', '0000-00-00 00:00:00.000000'),
('L8559DF', 53, 1, '2021-12-01 23:01:02.000000', '0000-00-00 00:00:00.000000'),
('L8582TL', 15, 5, '2021-12-01 23:01:02.000000', '0000-00-00 00:00:00.000000'),
('L8796DO', 65, 5, '2021-12-01 23:01:02.000000', '0000-00-00 00:00:00.000000'),
('L8798YG', 47, 5, '2021-12-01 23:01:02.000000', '0000-00-00 00:00:00.000000'),
('L8844MW', 40, 5, '2021-12-01 23:01:02.000000', '0000-00-00 00:00:00.000000'),
('L8898PK', 138, 4, '2021-12-01 23:01:02.000000', '0000-00-00 00:00:00.000000'),
('L8911MB', 42, 4, '2021-12-01 23:01:02.000000', '0000-00-00 00:00:00.000000'),
('L9017MY', 151, 5, '2021-12-01 23:01:02.000000', '0000-00-00 00:00:00.000000'),
('L9357PX', 77, 5, '2021-12-01 23:01:02.000000', '0000-00-00 00:00:00.000000'),
('L9473IB', 183, 1, '2021-12-01 23:01:02.000000', '0000-00-00 00:00:00.000000'),
('L9722QM', 87, 4, '2021-12-01 23:01:02.000000', '0000-00-00 00:00:00.000000'),
('L9922HE', 3, 3, '2021-12-01 23:01:02.000000', '0000-00-00 00:00:00.000000'),
('L9973LT', 71, 1, '2021-12-01 23:01:02.000000', '0000-00-00 00:00:00.000000'),
('L9987IF', 107, 2, '2021-12-01 23:01:02.000000', '0000-00-00 00:00:00.000000'),
('M1143HH', 200, 5, '2021-12-01 23:01:02.000000', '0000-00-00 00:00:00.000000'),
('M1236IP', 57, 5, '2021-12-01 23:01:02.000000', '0000-00-00 00:00:00.000000'),
('M1334EO', 101, 5, '2021-12-01 23:01:02.000000', '0000-00-00 00:00:00.000000'),
('M1494SN', 188, 1, '2021-12-01 23:01:02.000000', '0000-00-00 00:00:00.000000'),
('M1533XJ', 63, 1, '2021-12-01 23:01:02.000000', '0000-00-00 00:00:00.000000'),
('M1609JL', 59, 5, '2021-12-01 23:01:02.000000', '0000-00-00 00:00:00.000000'),
('M1770XG', 218, 3, '2021-12-01 23:01:02.000000', '0000-00-00 00:00:00.000000'),
('M1997OV', 33, 3, '2021-12-01 23:01:02.000000', '0000-00-00 00:00:00.000000'),
('M2036JJ', 176, 5, '2021-12-01 23:01:02.000000', '0000-00-00 00:00:00.000000'),
('M2192WA', 154, 3, '2021-12-01 23:01:02.000000', '0000-00-00 00:00:00.000000'),
('M2209QG', 28, 1, '2021-12-01 23:01:02.000000', '0000-00-00 00:00:00.000000'),
('M2226NB', 178, 3, '2021-12-01 23:01:02.000000', '0000-00-00 00:00:00.000000'),
('M2338DD', 184, 2, '2021-12-01 23:01:02.000000', '0000-00-00 00:00:00.000000'),
('M2356JU', 154, 2, '2021-12-01 23:01:02.000000', '0000-00-00 00:00:00.000000'),
('M2384SL', 107, 5, '2021-12-01 23:01:02.000000', '0000-00-00 00:00:00.000000'),
('M2496KZ', 92, 1, '2021-12-01 23:01:02.000000', '0000-00-00 00:00:00.000000'),
('M2537CY', 67, 2, '2021-12-01 23:01:02.000000', '0000-00-00 00:00:00.000000'),
('M2799OB', 190, 2, '2021-12-01 23:01:02.000000', '0000-00-00 00:00:00.000000'),
('M3016JH', 248, 4, '2021-12-01 23:01:02.000000', '0000-00-00 00:00:00.000000'),
('M3214SX', 38, 1, '2021-12-01 23:01:02.000000', '0000-00-00 00:00:00.000000'),
('M3389KS', 203, 1, '2021-12-01 23:01:02.000000', '0000-00-00 00:00:00.000000'),
('M3406WQ', 39, 4, '2021-12-01 23:01:02.000000', '0000-00-00 00:00:00.000000'),
('M3476HM', 125, 1, '2021-12-01 23:01:02.000000', '0000-00-00 00:00:00.000000'),
('M3569SX', 136, 2, '2021-12-01 23:01:02.000000', '0000-00-00 00:00:00.000000'),
('M3618DA', 2, 2, '2021-12-01 23:01:02.000000', '0000-00-00 00:00:00.000000'),
('M3662DL', 192, 5, '2021-12-01 23:01:02.000000', '0000-00-00 00:00:00.000000'),
('M3762ZL', 227, 3, '2021-12-01 23:01:02.000000', '0000-00-00 00:00:00.000000'),
('M3861MN', 215, 5, '2021-12-01 23:01:02.000000', '0000-00-00 00:00:00.000000'),
('M3892UT', 237, 2, '2021-12-01 23:01:02.000000', '0000-00-00 00:00:00.000000'),
('M3962LM', 96, 4, '2021-12-01 23:01:02.000000', '0000-00-00 00:00:00.000000'),
('M3990DR', 236, 4, '2021-12-01 23:01:02.000000', '0000-00-00 00:00:00.000000'),
('M4119UH', 66, 4, '2021-12-01 23:01:02.000000', '0000-00-00 00:00:00.000000'),
('M4179QY', 50, 1, '2021-12-01 23:01:02.000000', '0000-00-00 00:00:00.000000'),
('M5016BV', 109, 1, '2021-12-01 23:01:02.000000', '0000-00-00 00:00:00.000000'),
('M5124ZM', 205, 5, '2021-12-01 23:01:02.000000', '0000-00-00 00:00:00.000000'),
('M5176WU', 217, 4, '2021-12-01 23:01:02.000000', '0000-00-00 00:00:00.000000'),
('M5187AA', 155, 5, '2021-12-01 23:01:02.000000', '0000-00-00 00:00:00.000000'),
('M5266JC', 162, 4, '2021-12-01 23:01:02.000000', '0000-00-00 00:00:00.000000'),
('M5324CJ', 18, 3, '2021-12-01 23:01:02.000000', '0000-00-00 00:00:00.000000'),
('M5658NW', 233, 1, '2021-12-01 23:01:02.000000', '0000-00-00 00:00:00.000000'),
('M5681AM', 14, 5, '2021-12-01 23:01:02.000000', '0000-00-00 00:00:00.000000'),
('M5733GR', 44, 2, '2021-12-01 23:01:02.000000', '0000-00-00 00:00:00.000000'),
('M5772RX', 46, 5, '2021-12-01 23:01:02.000000', '0000-00-00 00:00:00.000000'),
('M5844JT', 124, 2, '2021-12-01 23:01:02.000000', '0000-00-00 00:00:00.000000'),
('M5866PT', 8, 4, '2021-12-01 23:01:02.000000', '0000-00-00 00:00:00.000000'),
('M6116CB', 138, 3, '2021-12-01 23:01:02.000000', '0000-00-00 00:00:00.000000'),
('M6160KO', 194, 2, '2021-12-01 23:01:02.000000', '0000-00-00 00:00:00.000000'),
('M6257VB', 64, 3, '2021-12-01 23:01:02.000000', '0000-00-00 00:00:00.000000'),
('M6863TA', 194, 4, '2021-12-01 23:01:02.000000', '0000-00-00 00:00:00.000000'),
('M6979HP', 168, 4, '2021-12-01 23:01:02.000000', '0000-00-00 00:00:00.000000'),
('M7047NA', 31, 1, '2021-12-01 23:01:02.000000', '0000-00-00 00:00:00.000000'),
('M7101RL', 20, 1, '2021-12-01 23:01:02.000000', '0000-00-00 00:00:00.000000'),
('M7369NG', 19, 4, '2021-12-01 23:01:02.000000', '0000-00-00 00:00:00.000000'),
('M7467WX', 40, 2, '2021-12-01 23:01:02.000000', '0000-00-00 00:00:00.000000'),
('M7560HJ', 181, 2, '2021-12-01 23:01:02.000000', '0000-00-00 00:00:00.000000'),
('M8074TE', 235, 4, '2021-12-01 23:01:02.000000', '0000-00-00 00:00:00.000000'),
('M8234TV', 51, 1, '2021-12-01 23:01:02.000000', '0000-00-00 00:00:00.000000'),
('M8253DL', 41, 4, '2021-12-01 23:01:02.000000', '0000-00-00 00:00:00.000000'),
('M8300CD', 14, 4, '2021-12-01 23:01:02.000000', '0000-00-00 00:00:00.000000'),
('M8329NS', 2, 5, '2021-12-01 23:01:02.000000', '0000-00-00 00:00:00.000000'),
('M8335HX', 85, 5, '2021-12-01 23:01:02.000000', '0000-00-00 00:00:00.000000'),
('M8346IB', 196, 2, '2021-12-01 23:01:02.000000', '0000-00-00 00:00:00.000000'),
('M8450MZ', 82, 2, '2021-12-01 23:01:02.000000', '0000-00-00 00:00:00.000000'),
('M8502MT', 48, 3, '2021-12-01 23:01:02.000000', '0000-00-00 00:00:00.000000'),
('M8616SW', 88, 5, '2021-12-01 23:01:02.000000', '0000-00-00 00:00:00.000000'),
('M8625BJ', 39, 2, '2021-12-01 23:01:02.000000', '0000-00-00 00:00:00.000000'),
('M8630QW', 174, 3, '2021-12-01 23:01:02.000000', '0000-00-00 00:00:00.000000'),
('M8689BC', 151, 2, '2021-12-01 23:01:02.000000', '0000-00-00 00:00:00.000000'),
('M8851BT', 130, 2, '2021-12-01 23:01:02.000000', '0000-00-00 00:00:00.000000'),
('M8884PB', 131, 4, '2021-12-01 23:01:02.000000', '0000-00-00 00:00:00.000000'),
('M8900GP', 229, 5, '2021-12-01 23:01:02.000000', '0000-00-00 00:00:00.000000'),
('M8973MS', 157, 3, '2021-12-01 23:01:02.000000', '0000-00-00 00:00:00.000000'),
('M9074SV', 94, 3, '2021-12-01 23:01:02.000000', '0000-00-00 00:00:00.000000'),
('M9092JI', 112, 3, '2021-12-01 23:01:02.000000', '0000-00-00 00:00:00.000000'),
('M9275ZE', 90, 1, '2021-12-01 23:01:02.000000', '0000-00-00 00:00:00.000000'),
('M9426UO', 121, 4, '2021-12-01 23:01:02.000000', '0000-00-00 00:00:00.000000'),
('M9736XM', 242, 1, '2021-12-01 23:01:02.000000', '0000-00-00 00:00:00.000000'),
('N1139ZO', 174, 5, '2021-12-01 23:01:02.000000', '0000-00-00 00:00:00.000000'),
('N1410XE', 160, 5, '2021-12-01 23:01:02.000000', '0000-00-00 00:00:00.000000'),
('N1425UT', 61, 1, '2021-12-01 23:01:02.000000', '0000-00-00 00:00:00.000000'),
('N1431EG', 102, 2, '2021-12-01 23:01:02.000000', '0000-00-00 00:00:00.000000'),
('N1686QR', 171, 3, '2021-12-01 23:01:02.000000', '0000-00-00 00:00:00.000000'),
('N1888TX', 173, 5, '2021-12-01 23:01:02.000000', '0000-00-00 00:00:00.000000'),
('N1921SJ', 195, 3, '2021-12-01 23:01:02.000000', '0000-00-00 00:00:00.000000'),
('N1935DS', 209, 1, '2021-12-01 23:01:02.000000', '0000-00-00 00:00:00.000000'),
('N1983FT', 46, 3, '2021-12-01 23:01:02.000000', '0000-00-00 00:00:00.000000'),
('N2167BN', 175, 3, '2021-12-01 23:01:02.000000', '0000-00-00 00:00:00.000000'),
('N2173PA', 181, 3, '2021-12-01 23:01:02.000000', '0000-00-00 00:00:00.000000'),
('N2204AY', 83, 1, '2021-12-01 23:01:02.000000', '0000-00-00 00:00:00.000000'),
('N2326MY', 152, 5, '2021-12-01 23:01:02.000000', '0000-00-00 00:00:00.000000'),
('N2546MY', 38, 5, '2021-12-01 23:01:02.000000', '0000-00-00 00:00:00.000000'),
('N2663KA', 223, 5, '2021-12-01 23:01:02.000000', '0000-00-00 00:00:00.000000'),
('N2698KU', 219, 4, '2021-12-01 23:01:02.000000', '0000-00-00 00:00:00.000000'),
('N3059IL', 169, 5, '2021-12-01 23:01:02.000000', '0000-00-00 00:00:00.000000'),
('N3061YP', 229, 2, '2021-12-01 23:01:02.000000', '0000-00-00 00:00:00.000000'),
('N3070XQ', 201, 2, '2021-12-01 23:01:02.000000', '0000-00-00 00:00:00.000000'),
('N3892QU', 156, 4, '2021-12-01 23:01:02.000000', '0000-00-00 00:00:00.000000'),
('N3944FL', 48, 1, '2021-12-01 23:01:02.000000', '0000-00-00 00:00:00.000000'),
('N3949RC', 197, 1, '2021-12-01 23:01:02.000000', '0000-00-00 00:00:00.000000'),
('N3976OF', 230, 1, '2021-12-01 23:01:02.000000', '0000-00-00 00:00:00.000000'),
('N4360DW', 37, 1, '2021-12-01 23:01:02.000000', '0000-00-00 00:00:00.000000'),
('N4631NT', 34, 1, '2021-12-01 23:01:02.000000', '0000-00-00 00:00:00.000000'),
('N4800YJ', 60, 5, '2021-12-01 23:01:02.000000', '0000-00-00 00:00:00.000000'),
('N5052FN', 151, 3, '2021-12-01 23:01:02.000000', '0000-00-00 00:00:00.000000'),
('N5184WX', 17, 2, '2021-12-01 23:01:02.000000', '0000-00-00 00:00:00.000000'),
('N5535WW', 204, 2, '2021-12-01 23:01:02.000000', '0000-00-00 00:00:00.000000'),
('N5646DS', 97, 4, '2021-12-01 23:01:02.000000', '0000-00-00 00:00:00.000000'),
('N5690DC', 7, 5, '2021-12-01 23:01:02.000000', '0000-00-00 00:00:00.000000'),
('N5718TS', 81, 1, '2021-12-01 23:01:02.000000', '0000-00-00 00:00:00.000000'),
('N5774JK', 82, 2, '2021-12-01 23:01:02.000000', '0000-00-00 00:00:00.000000'),
('N5802XE', 86, 2, '2021-12-01 23:01:02.000000', '0000-00-00 00:00:00.000000'),
('N5823KP', 110, 3, '2021-12-01 23:01:02.000000', '0000-00-00 00:00:00.000000'),
('N5888BR', 24, 2, '2021-12-01 23:01:02.000000', '0000-00-00 00:00:00.000000'),
('N6040QZ', 93, 3, '2021-12-01 23:01:02.000000', '0000-00-00 00:00:00.000000'),
('N6129LK', 139, 4, '2021-12-01 23:01:02.000000', '0000-00-00 00:00:00.000000'),
('N6215WU', 34, 2, '2021-12-01 23:01:02.000000', '0000-00-00 00:00:00.000000'),
('N6251OW', 170, 5, '2021-12-01 23:01:02.000000', '0000-00-00 00:00:00.000000'),
('N6300PF', 191, 4, '2021-12-01 23:01:02.000000', '0000-00-00 00:00:00.000000'),
('N6376PV', 239, 2, '2021-12-01 23:01:02.000000', '0000-00-00 00:00:00.000000'),
('N6417HI', 170, 3, '2021-12-01 23:01:02.000000', '0000-00-00 00:00:00.000000'),
('N6474NX', 142, 1, '2021-12-01 23:01:02.000000', '0000-00-00 00:00:00.000000'),
('N6653YC', 136, 1, '2021-12-01 23:01:02.000000', '0000-00-00 00:00:00.000000'),
('N6888SZ', 211, 3, '2021-12-01 23:01:02.000000', '0000-00-00 00:00:00.000000'),
('N7059HF', 151, 4, '2021-12-01 23:01:02.000000', '0000-00-00 00:00:00.000000'),
('N7101AH', 117, 2, '2021-12-01 23:01:02.000000', '0000-00-00 00:00:00.000000'),
('N7303TC', 13, 2, '2021-12-01 23:01:02.000000', '0000-00-00 00:00:00.000000'),
('N7476RA', 31, 4, '2021-12-01 23:01:02.000000', '0000-00-00 00:00:00.000000'),
('N7501LQ', 169, 3, '2021-12-01 23:01:02.000000', '0000-00-00 00:00:00.000000'),
('N7579JH', 141, 5, '2021-12-01 23:01:02.000000', '0000-00-00 00:00:00.000000'),
('N7750XL', 48, 3, '2021-12-01 23:01:02.000000', '0000-00-00 00:00:00.000000'),
('N7752JT', 33, 4, '2021-12-01 23:01:02.000000', '0000-00-00 00:00:00.000000'),
('N7822PM', 111, 1, '2021-12-01 23:01:02.000000', '0000-00-00 00:00:00.000000'),
('N7973EW', 230, 4, '2021-12-01 23:01:02.000000', '0000-00-00 00:00:00.000000'),
('N7974YL', 97, 2, '2021-12-01 23:01:02.000000', '0000-00-00 00:00:00.000000'),
('N8101JK', 108, 3, '2021-12-01 23:01:02.000000', '0000-00-00 00:00:00.000000'),
('N8135YD', 216, 4, '2021-12-01 23:01:02.000000', '0000-00-00 00:00:00.000000'),
('N8226HY', 150, 3, '2021-12-01 23:01:02.000000', '0000-00-00 00:00:00.000000'),
('N8303BO', 210, 2, '2021-12-01 23:01:02.000000', '0000-00-00 00:00:00.000000'),
('N8377MD', 146, 1, '2021-12-01 23:01:02.000000', '0000-00-00 00:00:00.000000'),
('N8551QL', 235, 5, '2021-12-01 23:01:02.000000', '0000-00-00 00:00:00.000000'),
('N8641WN', 28, 5, '2021-12-01 23:01:02.000000', '0000-00-00 00:00:00.000000'),
('N8751UM', 214, 1, '2021-12-01 23:01:02.000000', '0000-00-00 00:00:00.000000'),
('N8949AU', 245, 5, '2021-12-01 23:01:02.000000', '0000-00-00 00:00:00.000000'),
('N9080HW', 116, 4, '2021-12-01 23:01:02.000000', '0000-00-00 00:00:00.000000'),
('N9095LF', 106, 1, '2021-12-01 23:01:02.000000', '0000-00-00 00:00:00.000000'),
('N9492TX', 174, 2, '2021-12-01 23:01:02.000000', '0000-00-00 00:00:00.000000'),
('N9744VU', 12, 5, '2021-12-01 23:01:02.000000', '0000-00-00 00:00:00.000000'),
('N9977JM', 172, 5, '2021-12-01 23:01:02.000000', '0000-00-00 00:00:00.000000'),
('N9996YW', 206, 4, '2021-12-01 23:01:02.000000', '0000-00-00 00:00:00.000000'),
('O1006KU', 57, 5, '2021-12-01 23:01:02.000000', '0000-00-00 00:00:00.000000'),
('O1064TV', 72, 5, '2021-12-01 23:01:02.000000', '0000-00-00 00:00:00.000000'),
('O1145AG', 21, 1, '2021-12-01 23:01:02.000000', '0000-00-00 00:00:00.000000'),
('O1220TP', 115, 3, '2021-12-01 23:01:02.000000', '0000-00-00 00:00:00.000000'),
('O1430GI', 120, 5, '2021-12-01 23:01:02.000000', '0000-00-00 00:00:00.000000'),
('O1487LJ', 138, 1, '2021-12-01 23:01:02.000000', '0000-00-00 00:00:00.000000'),
('O1541OB', 5, 5, '2021-12-01 23:01:02.000000', '0000-00-00 00:00:00.000000'),
('O1676KX', 126, 4, '2021-12-01 23:01:02.000000', '0000-00-00 00:00:00.000000'),
('O1958MJ', 37, 2, '2021-12-01 23:01:02.000000', '0000-00-00 00:00:00.000000'),
('O2013MH', 198, 1, '2021-12-01 23:01:02.000000', '0000-00-00 00:00:00.000000'),
('O2307WX', 25, 5, '2021-12-01 23:01:02.000000', '0000-00-00 00:00:00.000000'),
('O2423BM', 239, 1, '2021-12-01 23:01:02.000000', '0000-00-00 00:00:00.000000'),
('O2922BW', 134, 2, '2021-12-01 23:01:02.000000', '0000-00-00 00:00:00.000000'),
('O2989FO', 80, 1, '2021-12-01 23:01:02.000000', '0000-00-00 00:00:00.000000'),
('O3072JV', 234, 3, '2021-12-01 23:01:02.000000', '0000-00-00 00:00:00.000000'),
('O3222EC', 212, 2, '2021-12-01 23:01:02.000000', '0000-00-00 00:00:00.000000'),
('O3534GK', 46, 4, '2021-12-01 23:01:02.000000', '0000-00-00 00:00:00.000000'),
('O3818PT', 144, 3, '2021-12-01 23:01:02.000000', '0000-00-00 00:00:00.000000'),
('O4276OZ', 15, 1, '2021-12-01 23:01:02.000000', '0000-00-00 00:00:00.000000'),
('O4471VL', 187, 4, '2021-12-01 23:01:02.000000', '0000-00-00 00:00:00.000000'),
('O4644QU', 139, 2, '2021-12-01 23:01:02.000000', '0000-00-00 00:00:00.000000'),
('O4843FE', 79, 1, '2021-12-01 23:01:02.000000', '0000-00-00 00:00:00.000000'),
('O5200AW', 116, 3, '2021-12-01 23:01:02.000000', '0000-00-00 00:00:00.000000'),
('O5476ZH', 231, 3, '2021-12-01 23:01:02.000000', '0000-00-00 00:00:00.000000'),
('O5520CR', 171, 2, '2021-12-01 23:01:02.000000', '0000-00-00 00:00:00.000000'),
('O5971DI', 208, 1, '2021-12-01 23:01:02.000000', '0000-00-00 00:00:00.000000'),
('O6057SS', 3, 2, '2021-12-01 23:01:02.000000', '0000-00-00 00:00:00.000000'),
('O6107FM', 166, 5, '2021-12-01 23:01:02.000000', '0000-00-00 00:00:00.000000'),
('O6576RH', 204, 5, '2021-12-01 23:01:02.000000', '0000-00-00 00:00:00.000000'),
('O6651GM', 69, 3, '2021-12-01 23:01:02.000000', '0000-00-00 00:00:00.000000'),
('O6910QQ', 128, 3, '2021-12-01 23:01:02.000000', '0000-00-00 00:00:00.000000'),
('O6981VJ', 233, 2, '2021-12-01 23:01:02.000000', '0000-00-00 00:00:00.000000'),
('O7063AI', 78, 3, '2021-12-01 23:01:02.000000', '0000-00-00 00:00:00.000000'),
('O7072BK', 199, 2, '2021-12-01 23:01:02.000000', '0000-00-00 00:00:00.000000'),
('O7258YI', 132, 5, '2021-12-01 23:01:02.000000', '0000-00-00 00:00:00.000000'),
('O7664OG', 169, 4, '2021-12-01 23:01:02.000000', '0000-00-00 00:00:00.000000'),
('O7882PZ', 117, 1, '2021-12-01 23:01:02.000000', '0000-00-00 00:00:00.000000'),
('O7904TB', 108, 4, '2021-12-01 23:01:02.000000', '0000-00-00 00:00:00.000000'),
('O8079WY', 84, 4, '2021-12-01 23:01:02.000000', '0000-00-00 00:00:00.000000'),
('O8091RS', 128, 4, '2021-12-01 23:01:02.000000', '0000-00-00 00:00:00.000000'),
('O8217RR', 21, 3, '2021-12-01 23:01:02.000000', '0000-00-00 00:00:00.000000'),
('O8407SB', 154, 4, '2021-12-01 23:01:02.000000', '0000-00-00 00:00:00.000000'),
('O8443DS', 201, 1, '2021-12-01 23:01:02.000000', '0000-00-00 00:00:00.000000'),
('O8617GT', 67, 1, '2021-12-01 23:01:02.000000', '0000-00-00 00:00:00.000000'),
('O8701CY', 248, 3, '2021-12-01 23:01:02.000000', '0000-00-00 00:00:00.000000'),
('O8851SD', 224, 5, '2021-12-01 23:01:02.000000', '0000-00-00 00:00:00.000000'),
('O9251BM', 22, 2, '2021-12-01 23:01:02.000000', '0000-00-00 00:00:00.000000'),
('O9268ZC', 124, 1, '2021-12-01 23:01:02.000000', '0000-00-00 00:00:00.000000'),
('O9296RS', 245, 4, '2021-12-01 23:01:02.000000', '0000-00-00 00:00:00.000000'),
('O9350WJ', 37, 4, '2021-12-01 23:01:02.000000', '0000-00-00 00:00:00.000000'),
('O9437FD', 3, 1, '2021-12-01 23:01:02.000000', '0000-00-00 00:00:00.000000'),
('O9944NM', 190, 1, '2021-12-01 23:01:02.000000', '0000-00-00 00:00:00.000000'),
('P1341SZ', 226, 4, '2021-12-01 23:01:02.000000', '0000-00-00 00:00:00.000000'),
('P1351WW', 235, 2, '2021-12-01 23:01:02.000000', '0000-00-00 00:00:00.000000'),
('P1499JR', 165, 5, '2021-12-01 23:01:02.000000', '0000-00-00 00:00:00.000000'),
('P1524TO', 70, 1, '2021-12-01 23:01:02.000000', '0000-00-00 00:00:00.000000'),
('P1725MT', 36, 4, '2021-12-01 23:01:02.000000', '0000-00-00 00:00:00.000000'),
('P1753SR', 60, 2, '2021-12-01 23:01:02.000000', '0000-00-00 00:00:00.000000'),
('P1860AD', 248, 2, '2021-12-01 23:01:02.000000', '0000-00-00 00:00:00.000000'),
('P1905PK', 80, 3, '2021-12-01 23:01:02.000000', '0000-00-00 00:00:00.000000'),
('P1929XH', 208, 1, '2021-12-01 23:01:02.000000', '0000-00-00 00:00:00.000000'),
('P1940IO', 147, 5, '2021-12-01 23:01:02.000000', '0000-00-00 00:00:00.000000'),
('P2047YE', 190, 5, '2021-12-01 23:01:02.000000', '0000-00-00 00:00:00.000000'),
('P2078GP', 22, 4, '2021-12-01 23:01:02.000000', '0000-00-00 00:00:00.000000'),
('P2403IU', 46, 1, '2021-12-01 23:01:02.000000', '0000-00-00 00:00:00.000000'),
('P2719MV', 99, 2, '2021-12-01 23:01:02.000000', '0000-00-00 00:00:00.000000'),
('P2781GC', 232, 1, '2021-12-01 23:01:02.000000', '0000-00-00 00:00:00.000000'),
('P3321TX', 68, 5, '2021-12-01 23:01:02.000000', '0000-00-00 00:00:00.000000'),
('P3367IX', 225, 4, '2021-12-01 23:01:02.000000', '0000-00-00 00:00:00.000000'),
('P3402QE', 41, 2, '2021-12-01 23:01:02.000000', '0000-00-00 00:00:00.000000'),
('P3590VT', 112, 5, '2021-12-01 23:01:02.000000', '0000-00-00 00:00:00.000000'),
('P3713RM', 149, 4, '2021-12-01 23:01:02.000000', '0000-00-00 00:00:00.000000'),
('P3721VT', 145, 5, '2021-12-01 23:01:02.000000', '0000-00-00 00:00:00.000000'),
('P3732LP', 31, 4, '2021-12-01 23:01:02.000000', '0000-00-00 00:00:00.000000'),
('P3794UD', 150, 5, '2021-12-01 23:01:02.000000', '0000-00-00 00:00:00.000000'),
('P3884LT', 24, 3, '2021-12-01 23:01:02.000000', '0000-00-00 00:00:00.000000'),
('P3884SH', 132, 2, '2021-12-01 23:01:02.000000', '0000-00-00 00:00:00.000000'),
('P3993ZV', 115, 5, '2021-12-01 23:01:02.000000', '0000-00-00 00:00:00.000000'),
('P4121DR', 248, 3, '2021-12-01 23:01:02.000000', '0000-00-00 00:00:00.000000'),
('P4415UU', 15, 4, '2021-12-01 23:01:02.000000', '0000-00-00 00:00:00.000000'),
('P4455JJ', 180, 3, '2021-12-01 23:01:02.000000', '0000-00-00 00:00:00.000000'),
('P4553CT', 159, 2, '2021-12-01 23:01:02.000000', '0000-00-00 00:00:00.000000'),
('P4571GN', 110, 5, '2021-12-01 23:01:02.000000', '0000-00-00 00:00:00.000000'),
('P4667TN', 160, 1, '2021-12-01 23:01:02.000000', '0000-00-00 00:00:00.000000'),
('P4927UN', 75, 5, '2021-12-01 23:01:02.000000', '0000-00-00 00:00:00.000000'),
('P5075JP', 1, 4, '2021-12-01 23:01:02.000000', '0000-00-00 00:00:00.000000'),
('P5107TR', 215, 1, '2021-12-01 23:01:02.000000', '0000-00-00 00:00:00.000000'),
('P5355XP', 176, 1, '2021-12-01 23:01:02.000000', '0000-00-00 00:00:00.000000'),
('P5536CO', 167, 3, '2021-12-01 23:01:02.000000', '0000-00-00 00:00:00.000000'),
('P5936FF', 36, 2, '2021-12-01 23:01:02.000000', '0000-00-00 00:00:00.000000'),
('P6060WO', 9, 4, '2021-12-01 23:01:02.000000', '0000-00-00 00:00:00.000000'),
('P6191VE', 45, 3, '2021-12-01 23:01:02.000000', '0000-00-00 00:00:00.000000'),
('P6234YL', 96, 4, '2021-12-01 23:01:02.000000', '0000-00-00 00:00:00.000000'),
('P6268YA', 90, 3, '2021-12-01 23:01:02.000000', '0000-00-00 00:00:00.000000'),
('P6336UP', 133, 5, '2021-12-01 23:01:02.000000', '0000-00-00 00:00:00.000000'),
('P6398WM', 59, 2, '2021-12-01 23:01:02.000000', '0000-00-00 00:00:00.000000'),
('P6399MJ', 244, 4, '2021-12-01 23:01:02.000000', '0000-00-00 00:00:00.000000'),
('P6439VN', 28, 1, '2021-12-01 23:01:02.000000', '0000-00-00 00:00:00.000000'),
('P6467IW', 174, 1, '2021-12-01 23:01:02.000000', '0000-00-00 00:00:00.000000'),
('P6585MK', 129, 1, '2021-12-01 23:01:02.000000', '0000-00-00 00:00:00.000000'),
('P6724YI', 206, 1, '2021-12-01 23:01:02.000000', '0000-00-00 00:00:00.000000'),
('P6802BG', 170, 2, '2021-12-01 23:01:02.000000', '0000-00-00 00:00:00.000000'),
('P6819SH', 219, 3, '2021-12-01 23:01:02.000000', '0000-00-00 00:00:00.000000'),
('P6957TG', 146, 3, '2021-12-01 23:01:02.000000', '0000-00-00 00:00:00.000000'),
('P6980XP', 127, 2, '2021-12-01 23:01:02.000000', '0000-00-00 00:00:00.000000'),
('P7109JA', 21, 4, '2021-12-01 23:01:02.000000', '0000-00-00 00:00:00.000000'),
('P7221VP', 202, 4, '2021-12-01 23:01:02.000000', '0000-00-00 00:00:00.000000'),
('P7294XX', 141, 4, '2021-12-01 23:01:02.000000', '0000-00-00 00:00:00.000000'),
('P7574GZ', 14, 3, '2021-12-01 23:01:02.000000', '0000-00-00 00:00:00.000000'),
('P7789OP', 46, 1, '2021-12-01 23:01:02.000000', '0000-00-00 00:00:00.000000'),
('P7852EF', 246, 2, '2021-12-01 23:01:02.000000', '0000-00-00 00:00:00.000000'),
('P7876GS', 65, 2, '2021-12-01 23:01:02.000000', '0000-00-00 00:00:00.000000'),
('P7910TC', 59, 4, '2021-12-01 23:01:02.000000', '0000-00-00 00:00:00.000000'),
('P8206TZ', 212, 5, '2021-12-01 23:01:02.000000', '0000-00-00 00:00:00.000000'),
('P8268LP', 47, 2, '2021-12-01 23:01:02.000000', '0000-00-00 00:00:00.000000'),
('P8364WB', 123, 1, '2021-12-01 23:01:02.000000', '0000-00-00 00:00:00.000000'),
('P8731WP', 46, 4, '2021-12-01 23:01:02.000000', '0000-00-00 00:00:00.000000'),
('P9165WV', 1, 4, '2021-12-01 23:01:02.000000', '0000-00-00 00:00:00.000000'),
('P9316UZ', 227, 4, '2021-12-01 23:01:02.000000', '0000-00-00 00:00:00.000000'),
('P9325AI', 218, 1, '2021-12-01 23:01:02.000000', '0000-00-00 00:00:00.000000'),
('P9418BU', 52, 5, '2021-12-01 23:01:02.000000', '0000-00-00 00:00:00.000000'),
('P9461NQ', 104, 2, '2021-12-01 23:01:02.000000', '0000-00-00 00:00:00.000000'),
('P9480ET', 203, 3, '2021-12-01 23:01:02.000000', '0000-00-00 00:00:00.000000'),
('P9508EA', 124, 2, '2021-12-01 23:01:02.000000', '0000-00-00 00:00:00.000000'),
('P9555NL', 55, 5, '2021-12-01 23:01:02.000000', '0000-00-00 00:00:00.000000'),
('P9697LI', 134, 2, '2021-12-01 23:01:02.000000', '0000-00-00 00:00:00.000000'),
('P9829NW', 77, 4, '2021-12-01 23:01:02.000000', '0000-00-00 00:00:00.000000'),
('P9854YZ', 107, 5, '2021-12-01 23:01:02.000000', '0000-00-00 00:00:00.000000'),
('P9953AL', 245, 2, '2021-12-01 23:01:02.000000', '0000-00-00 00:00:00.000000'),
('P9961ZS', 231, 4, '2021-12-01 23:01:02.000000', '0000-00-00 00:00:00.000000'),
('Q1023II', 2, 4, '2021-12-01 23:01:02.000000', '0000-00-00 00:00:00.000000'),
('Q1101JS', 50, 3, '2021-12-01 23:01:02.000000', '0000-00-00 00:00:00.000000'),
('Q1270CE', 76, 2, '2021-12-01 23:01:02.000000', '0000-00-00 00:00:00.000000'),
('Q1370BG', 226, 1, '2021-12-01 23:01:02.000000', '0000-00-00 00:00:00.000000'),
('Q1718SW', 205, 5, '2021-12-01 23:01:02.000000', '0000-00-00 00:00:00.000000'),
('Q1819OD', 45, 1, '2021-12-01 23:01:02.000000', '0000-00-00 00:00:00.000000'),
('Q2072XS', 142, 2, '2021-12-01 23:01:02.000000', '0000-00-00 00:00:00.000000'),
('Q2127NW', 41, 1, '2021-12-01 23:01:02.000000', '0000-00-00 00:00:00.000000'),
('Q2159GT', 238, 3, '2021-12-01 23:01:02.000000', '0000-00-00 00:00:00.000000'),
('Q2181ZD', 145, 4, '2021-12-01 23:01:02.000000', '0000-00-00 00:00:00.000000'),
('Q2232LD', 26, 3, '2021-12-01 23:01:02.000000', '0000-00-00 00:00:00.000000'),
('Q2243PB', 217, 1, '2021-12-01 23:01:02.000000', '0000-00-00 00:00:00.000000'),
('Q2260LQ', 130, 4, '2021-12-01 23:01:02.000000', '0000-00-00 00:00:00.000000'),
('Q2400SM', 155, 5, '2021-12-01 23:01:02.000000', '0000-00-00 00:00:00.000000'),
('Q2481VK', 40, 3, '2021-12-01 23:01:02.000000', '0000-00-00 00:00:00.000000'),
('Q2521IX', 62, 2, '2021-12-01 23:01:02.000000', '0000-00-00 00:00:00.000000'),
('Q2554ND', 2, 2, '2021-12-01 23:01:02.000000', '0000-00-00 00:00:00.000000'),
('Q2607YM', 47, 3, '2021-12-01 23:01:02.000000', '0000-00-00 00:00:00.000000'),
('Q2836KR', 32, 4, '2021-12-01 23:01:02.000000', '0000-00-00 00:00:00.000000'),
('Q3131JH', 208, 3, '2021-12-01 23:01:02.000000', '0000-00-00 00:00:00.000000'),
('Q3186BD', 163, 2, '2021-12-01 23:01:02.000000', '0000-00-00 00:00:00.000000'),
('Q3289VK', 117, 5, '2021-12-01 23:01:02.000000', '0000-00-00 00:00:00.000000'),
('Q3333TY', 93, 1, '2021-12-01 23:01:02.000000', '0000-00-00 00:00:00.000000'),
('Q3519DH', 76, 1, '2021-12-01 23:01:02.000000', '0000-00-00 00:00:00.000000'),
('Q3638UQ', 222, 5, '2021-12-01 23:01:02.000000', '0000-00-00 00:00:00.000000'),
('Q3694CT', 122, 5, '2021-12-01 23:01:02.000000', '0000-00-00 00:00:00.000000'),
('Q3739MA', 225, 3, '2021-12-01 23:01:02.000000', '0000-00-00 00:00:00.000000'),
('Q3812SZ', 157, 1, '2021-12-01 23:01:02.000000', '0000-00-00 00:00:00.000000'),
('Q3830WG', 201, 4, '2021-12-01 23:01:02.000000', '0000-00-00 00:00:00.000000'),
('Q4184EO', 160, 2, '2021-12-01 23:01:02.000000', '0000-00-00 00:00:00.000000'),
('Q4416PR', 157, 2, '2021-12-01 23:01:02.000000', '0000-00-00 00:00:00.000000'),
('Q4751NQ', 120, 1, '2021-12-01 23:01:02.000000', '0000-00-00 00:00:00.000000'),
('Q4829SF', 142, 5, '2021-12-01 23:01:02.000000', '0000-00-00 00:00:00.000000'),
('Q4952IQ', 70, 2, '2021-12-01 23:01:02.000000', '0000-00-00 00:00:00.000000'),
('Q5300YV', 60, 5, '2021-12-01 23:01:02.000000', '0000-00-00 00:00:00.000000'),
('Q5302EN', 109, 5, '2021-12-01 23:01:02.000000', '0000-00-00 00:00:00.000000'),
('Q5323IW', 193, 3, '2021-12-01 23:01:02.000000', '0000-00-00 00:00:00.000000'),
('Q5334SZ', 209, 5, '2021-12-01 23:01:02.000000', '0000-00-00 00:00:00.000000'),
('Q5419OF', 105, 2, '2021-12-01 23:01:02.000000', '0000-00-00 00:00:00.000000'),
('Q5480DP', 110, 1, '2021-12-01 23:01:02.000000', '0000-00-00 00:00:00.000000'),
('Q5648VM', 156, 1, '2021-12-01 23:01:02.000000', '0000-00-00 00:00:00.000000'),
('Q5656CB', 185, 5, '2021-12-01 23:01:02.000000', '0000-00-00 00:00:00.000000'),
('Q5674AK', 6, 5, '2021-12-01 23:01:02.000000', '0000-00-00 00:00:00.000000'),
('Q6270BV', 243, 1, '2021-12-01 23:01:02.000000', '0000-00-00 00:00:00.000000'),
('Q6373GL', 147, 3, '2021-12-01 23:01:02.000000', '0000-00-00 00:00:00.000000'),
('Q6385PJ', 182, 2, '2021-12-01 23:01:02.000000', '0000-00-00 00:00:00.000000'),
('Q6436RH', 84, 3, '2021-12-01 23:01:02.000000', '0000-00-00 00:00:00.000000'),
('Q6444XY', 32, 1, '2021-12-01 23:01:02.000000', '0000-00-00 00:00:00.000000'),
('Q6697PD', 48, 1, '2021-12-01 23:01:02.000000', '0000-00-00 00:00:00.000000'),
('Q6724FS', 99, 5, '2021-12-01 23:01:02.000000', '0000-00-00 00:00:00.000000'),
('Q6754LG', 119, 3, '2021-12-01 23:01:02.000000', '0000-00-00 00:00:00.000000'),
('Q7061EZ', 64, 4, '2021-12-01 23:01:02.000000', '0000-00-00 00:00:00.000000'),
('Q7192TV', 182, 4, '2021-12-01 23:01:02.000000', '0000-00-00 00:00:00.000000'),
('Q7308WM', 218, 1, '2021-12-01 23:01:02.000000', '0000-00-00 00:00:00.000000'),
('Q7681BW', 175, 4, '2021-12-01 23:01:02.000000', '0000-00-00 00:00:00.000000'),
('Q7701QV', 140, 4, '2021-12-01 23:01:02.000000', '0000-00-00 00:00:00.000000'),
('Q8193BF', 152, 5, '2021-12-01 23:01:02.000000', '0000-00-00 00:00:00.000000'),
('Q8222RD', 211, 4, '2021-12-01 23:01:02.000000', '0000-00-00 00:00:00.000000'),
('Q8822NS', 120, 5, '2021-12-01 23:01:02.000000', '0000-00-00 00:00:00.000000'),
('Q8858SI', 162, 3, '2021-12-01 23:01:02.000000', '0000-00-00 00:00:00.000000'),
('Q8881UF', 131, 1, '2021-12-01 23:01:02.000000', '0000-00-00 00:00:00.000000'),
('Q9003QR', 86, 3, '2021-12-01 23:01:02.000000', '0000-00-00 00:00:00.000000'),
('Q9012GJ', 31, 1, '2021-12-01 23:01:02.000000', '0000-00-00 00:00:00.000000'),
('Q9012OO', 62, 3, '2021-12-01 23:01:02.000000', '0000-00-00 00:00:00.000000'),
('Q9048MX', 86, 4, '2021-12-01 23:01:02.000000', '0000-00-00 00:00:00.000000'),
('Q9050XY', 43, 3, '2021-12-01 23:01:02.000000', '0000-00-00 00:00:00.000000'),
('Q9115OH', 206, 4, '2021-12-01 23:01:02.000000', '0000-00-00 00:00:00.000000'),
('Q9519ZN', 83, 4, '2021-12-01 23:01:02.000000', '0000-00-00 00:00:00.000000'),
('Q9544PD', 153, 3, '2021-12-01 23:01:02.000000', '0000-00-00 00:00:00.000000'),
('Q9586OL', 24, 4, '2021-12-01 23:01:02.000000', '0000-00-00 00:00:00.000000'),
('Q9643AZ', 57, 3, '2021-12-01 23:01:02.000000', '0000-00-00 00:00:00.000000'),
('Q9976SF', 191, 1, '2021-12-01 23:01:02.000000', '0000-00-00 00:00:00.000000'),
('R1118PY', 40, 3, '2021-12-01 23:01:02.000000', '0000-00-00 00:00:00.000000'),
('R1460NS', 186, 2, '2021-12-01 23:01:02.000000', '0000-00-00 00:00:00.000000'),
('R1465AC', 56, 1, '2021-12-01 23:01:02.000000', '0000-00-00 00:00:00.000000'),
('R1596HA', 162, 5, '2021-12-01 23:01:02.000000', '0000-00-00 00:00:00.000000'),
('R1717RC', 185, 4, '2021-12-01 23:01:02.000000', '0000-00-00 00:00:00.000000'),
('R1767IN', 72, 2, '2021-12-01 23:01:02.000000', '0000-00-00 00:00:00.000000'),
('R1887BP', 161, 1, '2021-12-01 23:01:02.000000', '0000-00-00 00:00:00.000000'),
('R2119AF', 165, 5, '2021-12-01 23:01:02.000000', '0000-00-00 00:00:00.000000'),
('R2235MB', 89, 3, '2021-12-01 23:01:02.000000', '0000-00-00 00:00:00.000000'),
('R2553RB', 21, 4, '2021-12-01 23:01:02.000000', '0000-00-00 00:00:00.000000'),
('R2655BJ', 1, 1, '2021-12-01 23:01:02.000000', '0000-00-00 00:00:00.000000'),
('R2798IE', 233, 5, '2021-12-01 23:01:02.000000', '0000-00-00 00:00:00.000000'),
('R2872IC', 143, 2, '2021-12-01 23:01:02.000000', '0000-00-00 00:00:00.000000'),
('R3091OR', 123, 5, '2021-12-01 23:01:02.000000', '0000-00-00 00:00:00.000000'),
('R3180PD', 241, 5, '2021-12-01 23:01:02.000000', '0000-00-00 00:00:00.000000'),
('R3351ZU', 207, 2, '2021-12-01 23:01:02.000000', '0000-00-00 00:00:00.000000'),
('R3418HN', 16, 2, '2021-12-01 23:01:02.000000', '0000-00-00 00:00:00.000000'),
('R3714LK', 56, 3, '2021-12-01 23:01:02.000000', '0000-00-00 00:00:00.000000'),
('R3960XG', 114, 3, '2021-12-01 23:01:02.000000', '0000-00-00 00:00:00.000000'),
('R4254VK', 183, 1, '2021-12-01 23:01:02.000000', '0000-00-00 00:00:00.000000'),
('R4284ZT', 93, 2, '2021-12-01 23:01:02.000000', '0000-00-00 00:00:00.000000'),
('R4706RK', 180, 2, '2021-12-01 23:01:02.000000', '0000-00-00 00:00:00.000000'),
('R4754IN', 30, 5, '2021-12-01 23:01:02.000000', '0000-00-00 00:00:00.000000'),
('R4997ZU', 10, 2, '2021-12-01 23:01:02.000000', '0000-00-00 00:00:00.000000'),
('R5157JD', 168, 3, '2021-12-01 23:01:02.000000', '0000-00-00 00:00:00.000000'),
('R5324GZ', 172, 4, '2021-12-01 23:01:02.000000', '0000-00-00 00:00:00.000000'),
('R5422TZ', 66, 2, '2021-12-01 23:01:02.000000', '0000-00-00 00:00:00.000000'),
('R5527AS', 44, 4, '2021-12-01 23:01:02.000000', '0000-00-00 00:00:00.000000'),
('R5706CO', 158, 1, '2021-12-01 23:01:02.000000', '0000-00-00 00:00:00.000000'),
('R6111BV', 173, 1, '2021-12-01 23:01:02.000000', '0000-00-00 00:00:00.000000'),
('R6303XQ', 12, 2, '2021-12-01 23:01:02.000000', '0000-00-00 00:00:00.000000'),
('R6491LZ', 138, 1, '2021-12-01 23:01:02.000000', '0000-00-00 00:00:00.000000'),
('R6594VU', 236, 3, '2021-12-01 23:01:02.000000', '0000-00-00 00:00:00.000000'),
('R7136LK', 165, 4, '2021-12-01 23:01:02.000000', '0000-00-00 00:00:00.000000'),
('R7367AU', 88, 1, '2021-12-01 23:01:02.000000', '0000-00-00 00:00:00.000000'),
('R7527ZL', 54, 1, '2021-12-01 23:01:02.000000', '0000-00-00 00:00:00.000000'),
('R7701PD', 224, 1, '2021-12-01 23:01:02.000000', '0000-00-00 00:00:00.000000'),
('R8012TK', 154, 2, '2021-12-01 23:01:02.000000', '0000-00-00 00:00:00.000000'),
('R8095DN', 127, 5, '2021-12-01 23:01:02.000000', '0000-00-00 00:00:00.000000'),
('R8169NA', 146, 4, '2021-12-01 23:01:02.000000', '0000-00-00 00:00:00.000000'),
('R8227QM', 5, 2, '2021-12-01 23:01:02.000000', '0000-00-00 00:00:00.000000'),
('R8260IS', 244, 2, '2021-12-01 23:01:02.000000', '0000-00-00 00:00:00.000000'),
('R8272RI', 66, 4, '2021-12-01 23:01:02.000000', '0000-00-00 00:00:00.000000'),
('R8276ZZ', 16, 1, '2021-12-01 23:01:02.000000', '0000-00-00 00:00:00.000000'),
('R8288EN', 224, 4, '2021-12-01 23:01:02.000000', '0000-00-00 00:00:00.000000'),
('R8516TC', 234, 2, '2021-12-01 23:01:02.000000', '0000-00-00 00:00:00.000000'),
('R8654AY', 73, 1, '2021-12-01 23:01:02.000000', '0000-00-00 00:00:00.000000'),
('R8861CE', 148, 5, '2021-12-01 23:01:02.000000', '0000-00-00 00:00:00.000000'),
('R9051QT', 202, 2, '2021-12-01 23:01:02.000000', '0000-00-00 00:00:00.000000'),
('R9121YX', 243, 3, '2021-12-01 23:01:02.000000', '0000-00-00 00:00:00.000000'),
('R9236UI', 62, 4, '2021-12-01 23:01:02.000000', '0000-00-00 00:00:00.000000'),
('R9336CM', 114, 2, '2021-12-01 23:01:02.000000', '0000-00-00 00:00:00.000000'),
('R9341DH', 245, 3, '2021-12-01 23:01:02.000000', '0000-00-00 00:00:00.000000'),
('R9531GQ', 60, 4, '2021-12-01 23:01:02.000000', '0000-00-00 00:00:00.000000'),
('R9977MX', 173, 1, '2021-12-01 23:01:02.000000', '0000-00-00 00:00:00.000000'),
('S1127JU', 248, 5, '2021-12-01 23:01:02.000000', '0000-00-00 00:00:00.000000'),
('S1173HH', 16, 3, '2021-12-01 23:01:02.000000', '0000-00-00 00:00:00.000000'),
('S1174BF', 246, 1, '2021-12-01 23:01:02.000000', '0000-00-00 00:00:00.000000'),
('S1332AH', 126, 1, '2021-12-01 23:01:02.000000', '0000-00-00 00:00:00.000000'),
('S2123PL', 114, 2, '2021-12-01 23:01:02.000000', '0000-00-00 00:00:00.000000'),
('S2302TF', 70, 3, '2021-12-01 23:01:02.000000', '0000-00-00 00:00:00.000000'),
('S2485YP', 220, 3, '2021-12-01 23:01:02.000000', '0000-00-00 00:00:00.000000'),
('S2794IX', 188, 5, '2021-12-01 23:01:02.000000', '0000-00-00 00:00:00.000000'),
('S2987PE', 23, 1, '2021-12-01 23:01:02.000000', '0000-00-00 00:00:00.000000'),
('S3016UN', 35, 5, '2021-12-01 23:01:02.000000', '0000-00-00 00:00:00.000000'),
('S3045IQ', 207, 5, '2021-12-01 23:01:02.000000', '0000-00-00 00:00:00.000000'),
('S3317SQ', 220, 1, '2021-12-01 23:01:02.000000', '0000-00-00 00:00:00.000000'),
('S3594PW', 202, 5, '2021-12-01 23:01:02.000000', '0000-00-00 00:00:00.000000'),
('S3778XJ', 146, 2, '2021-12-01 23:01:02.000000', '0000-00-00 00:00:00.000000'),
('S3906HE', 9, 2, '2021-12-01 23:01:02.000000', '0000-00-00 00:00:00.000000'),
('S3963VO', 164, 3, '2021-12-01 23:01:02.000000', '0000-00-00 00:00:00.000000'),
('S4007FP', 186, 1, '2021-12-01 23:01:02.000000', '0000-00-00 00:00:00.000000'),
('S4020BC', 169, 1, '2021-12-01 23:01:02.000000', '0000-00-00 00:00:00.000000'),
('S4145ZI', 225, 1, '2021-12-01 23:01:02.000000', '0000-00-00 00:00:00.000000'),
('S4238BU', 248, 1, '2021-12-01 23:01:02.000000', '0000-00-00 00:00:00.000000'),
('S4352YT', 110, 5, '2021-12-01 23:01:02.000000', '0000-00-00 00:00:00.000000'),
('S4428GE', 242, 2, '2021-12-01 23:01:02.000000', '0000-00-00 00:00:00.000000'),
('S4435MT', 126, 3, '2021-12-01 23:01:02.000000', '0000-00-00 00:00:00.000000'),
('S4445NC', 210, 3, '2021-12-01 23:01:02.000000', '0000-00-00 00:00:00.000000'),
('S4760LS', 247, 5, '2021-12-01 23:01:02.000000', '0000-00-00 00:00:00.000000'),
('S4835IM', 23, 2, '2021-12-01 23:01:02.000000', '0000-00-00 00:00:00.000000'),
('S4855WG', 126, 4, '2021-12-01 23:01:02.000000', '0000-00-00 00:00:00.000000'),
('S4879AX', 80, 5, '2021-12-01 23:01:02.000000', '0000-00-00 00:00:00.000000'),
('S4972DI', 57, 1, '2021-12-01 23:01:02.000000', '0000-00-00 00:00:00.000000'),
('S5024VR', 106, 3, '2021-12-01 23:01:02.000000', '0000-00-00 00:00:00.000000'),
('S5166XM', 7, 1, '2021-12-01 23:01:02.000000', '0000-00-00 00:00:00.000000'),
('S5635DO', 78, 5, '2021-12-01 23:01:02.000000', '0000-00-00 00:00:00.000000'),
('S5799HK', 142, 5, '2021-12-01 23:01:02.000000', '0000-00-00 00:00:00.000000'),
('S5885QO', 70, 4, '2021-12-01 23:01:02.000000', '0000-00-00 00:00:00.000000'),
('S5914VF', 214, 3, '2021-12-01 23:01:02.000000', '0000-00-00 00:00:00.000000'),
('S6527KC', 214, 4, '2021-12-01 23:01:02.000000', '0000-00-00 00:00:00.000000'),
('S6606EB', 245, 1, '2021-12-01 23:01:02.000000', '0000-00-00 00:00:00.000000'),
('S6731HD', 25, 1, '2021-12-01 23:01:02.000000', '0000-00-00 00:00:00.000000'),
('S6793JY', 185, 2, '2021-12-01 23:01:02.000000', '0000-00-00 00:00:00.000000'),
('S6805EY', 23, 5, '2021-12-01 23:01:02.000000', '0000-00-00 00:00:00.000000'),
('S6816HU', 51, 3, '2021-12-01 23:01:02.000000', '0000-00-00 00:00:00.000000'),
('S6864KG', 22, 3, '2021-12-01 23:01:02.000000', '0000-00-00 00:00:00.000000'),
('S6873IQ', 1, 3, '2021-12-01 23:01:02.000000', '0000-00-00 00:00:00.000000'),
('S6958YC', 106, 4, '2021-12-01 23:01:02.000000', '0000-00-00 00:00:00.000000'),
('S7185JL', 114, 4, '2021-12-01 23:01:02.000000', '0000-00-00 00:00:00.000000'),
('S7374IH', 143, 3, '2021-12-01 23:01:02.000000', '0000-00-00 00:00:00.000000'),
('S7406ID', 205, 2, '2021-12-01 23:01:02.000000', '0000-00-00 00:00:00.000000'),
('S7910ZL', 8, 3, '2021-12-01 23:01:02.000000', '0000-00-00 00:00:00.000000'),
('S7991SZ', 87, 3, '2021-12-01 23:01:02.000000', '0000-00-00 00:00:00.000000'),
('S8011MQ', 157, 5, '2021-12-01 23:01:02.000000', '0000-00-00 00:00:00.000000'),
('S8041XG', 194, 1, '2021-12-01 23:01:02.000000', '0000-00-00 00:00:00.000000'),
('S8253GD', 110, 3, '2021-12-01 23:01:02.000000', '0000-00-00 00:00:00.000000'),
('S8335WV', 219, 4, '2021-12-01 23:01:02.000000', '0000-00-00 00:00:00.000000'),
('S8363CW', 19, 3, '2021-12-01 23:01:02.000000', '0000-00-00 00:00:00.000000');
INSERT INTO `product` (`id`, `item`, `storage`, `import`, `export`) VALUES
('S8492XU', 157, 2, '2021-12-01 23:01:02.000000', '0000-00-00 00:00:00.000000'),
('S8542TG', 232, 4, '2021-12-01 23:01:02.000000', '0000-00-00 00:00:00.000000'),
('S8600IQ', 115, 4, '2021-12-01 23:01:02.000000', '0000-00-00 00:00:00.000000'),
('S8634PV', 183, 3, '2021-12-01 23:01:02.000000', '0000-00-00 00:00:00.000000'),
('S9278EG', 241, 4, '2021-12-01 23:01:02.000000', '0000-00-00 00:00:00.000000'),
('T1322XQ', 22, 2, '2021-12-01 23:01:02.000000', '0000-00-00 00:00:00.000000'),
('T1449SL', 80, 3, '2021-12-01 23:01:02.000000', '0000-00-00 00:00:00.000000'),
('T1499YK', 37, 5, '2021-12-01 23:01:02.000000', '0000-00-00 00:00:00.000000'),
('T1554MB', 137, 5, '2021-12-01 23:01:02.000000', '0000-00-00 00:00:00.000000'),
('T1847DW', 58, 3, '2021-12-01 23:01:02.000000', '0000-00-00 00:00:00.000000'),
('T1983LV', 136, 4, '2021-12-01 23:01:02.000000', '0000-00-00 00:00:00.000000'),
('T2415HG', 56, 5, '2021-12-01 23:01:02.000000', '0000-00-00 00:00:00.000000'),
('T2562IR', 224, 2, '2021-12-01 23:01:02.000000', '0000-00-00 00:00:00.000000'),
('T2606JK', 42, 5, '2021-12-01 23:01:02.000000', '0000-00-00 00:00:00.000000'),
('T2795EL', 43, 1, '2021-12-01 23:01:02.000000', '0000-00-00 00:00:00.000000'),
('T2855EJ', 172, 2, '2021-12-01 23:01:02.000000', '0000-00-00 00:00:00.000000'),
('T3057FH', 194, 2, '2021-12-01 23:01:02.000000', '0000-00-00 00:00:00.000000'),
('T3556JQ', 18, 3, '2021-12-01 23:01:02.000000', '0000-00-00 00:00:00.000000'),
('T3841CT', 124, 3, '2021-12-01 23:01:02.000000', '0000-00-00 00:00:00.000000'),
('T4556NC', 13, 3, '2021-12-01 23:01:02.000000', '0000-00-00 00:00:00.000000'),
('T4759UU', 95, 5, '2021-12-01 23:01:02.000000', '0000-00-00 00:00:00.000000'),
('T4939FF', 165, 1, '2021-12-01 23:01:02.000000', '0000-00-00 00:00:00.000000'),
('T5116UZ', 238, 1, '2021-12-01 23:01:02.000000', '0000-00-00 00:00:00.000000'),
('T5446DI', 233, 1, '2021-12-01 23:01:02.000000', '0000-00-00 00:00:00.000000'),
('T5805OX', 152, 4, '2021-12-01 23:01:02.000000', '0000-00-00 00:00:00.000000'),
('T5853CY', 217, 2, '2021-12-01 23:01:02.000000', '0000-00-00 00:00:00.000000'),
('T5871PQ', 52, 2, '2021-12-01 23:01:02.000000', '0000-00-00 00:00:00.000000'),
('T5893BP', 184, 5, '2021-12-01 23:01:02.000000', '0000-00-00 00:00:00.000000'),
('T5924XK', 210, 4, '2021-12-01 23:01:02.000000', '0000-00-00 00:00:00.000000'),
('T6022TF', 118, 3, '2021-12-01 23:01:02.000000', '0000-00-00 00:00:00.000000'),
('T6054AR', 236, 4, '2021-12-01 23:01:02.000000', '0000-00-00 00:00:00.000000'),
('T6086FB', 227, 1, '2021-12-01 23:01:02.000000', '0000-00-00 00:00:00.000000'),
('T6211ZF', 135, 5, '2021-12-01 23:01:02.000000', '0000-00-00 00:00:00.000000'),
('T6273WY', 230, 3, '2021-12-01 23:01:02.000000', '0000-00-00 00:00:00.000000'),
('T6512BN', 141, 4, '2021-12-01 23:01:02.000000', '0000-00-00 00:00:00.000000'),
('T6751ND', 50, 5, '2021-12-01 23:01:02.000000', '0000-00-00 00:00:00.000000'),
('T7149MH', 123, 3, '2021-12-01 23:01:02.000000', '0000-00-00 00:00:00.000000'),
('T7203CV', 104, 4, '2021-12-01 23:01:02.000000', '0000-00-00 00:00:00.000000'),
('T7255LT', 30, 5, '2021-12-01 23:01:02.000000', '0000-00-00 00:00:00.000000'),
('T7425VK', 33, 1, '2021-12-01 23:01:02.000000', '0000-00-00 00:00:00.000000'),
('T7462FR', 110, 2, '2021-12-01 23:01:02.000000', '0000-00-00 00:00:00.000000'),
('T7590WD', 211, 1, '2021-12-01 23:01:02.000000', '0000-00-00 00:00:00.000000'),
('T7833LD', 190, 3, '2021-12-01 23:01:02.000000', '0000-00-00 00:00:00.000000'),
('T7850JG', 7, 4, '2021-12-01 23:01:02.000000', '0000-00-00 00:00:00.000000'),
('T8002IV', 68, 4, '2021-12-01 23:01:02.000000', '0000-00-00 00:00:00.000000'),
('T8117TU', 217, 2, '2021-12-01 23:01:02.000000', '0000-00-00 00:00:00.000000'),
('T8299OJ', 162, 1, '2021-12-01 23:01:02.000000', '0000-00-00 00:00:00.000000'),
('T8564JJ', 166, 1, '2021-12-01 23:01:02.000000', '0000-00-00 00:00:00.000000'),
('T8612OR', 175, 1, '2021-12-01 23:01:02.000000', '0000-00-00 00:00:00.000000'),
('T8618QQ', 128, 1, '2021-12-01 23:01:02.000000', '0000-00-00 00:00:00.000000'),
('T8835HK', 33, 1, '2021-12-01 23:01:02.000000', '0000-00-00 00:00:00.000000'),
('T8898XT', 164, 2, '2021-12-01 23:01:02.000000', '0000-00-00 00:00:00.000000'),
('T8926AU', 155, 3, '2021-12-01 23:01:02.000000', '0000-00-00 00:00:00.000000'),
('T8999WU', 214, 5, '2021-12-01 23:01:02.000000', '0000-00-00 00:00:00.000000'),
('T9099JC', 84, 4, '2021-12-01 23:01:02.000000', '0000-00-00 00:00:00.000000'),
('T9119GE', 163, 1, '2021-12-01 23:01:02.000000', '0000-00-00 00:00:00.000000'),
('T9138GY', 18, 5, '2021-12-01 23:01:02.000000', '0000-00-00 00:00:00.000000'),
('T9258OG', 223, 1, '2021-12-01 23:01:02.000000', '0000-00-00 00:00:00.000000'),
('T9264VR', 140, 1, '2021-12-01 23:01:02.000000', '0000-00-00 00:00:00.000000'),
('T9370KI', 162, 2, '2021-12-01 23:01:02.000000', '0000-00-00 00:00:00.000000'),
('T9646XX', 167, 2, '2021-12-01 23:01:02.000000', '0000-00-00 00:00:00.000000'),
('T9649WM', 56, 2, '2021-12-01 23:01:02.000000', '0000-00-00 00:00:00.000000'),
('T9825CX', 17, 4, '2021-12-01 23:01:02.000000', '0000-00-00 00:00:00.000000'),
('T9830YR', 104, 2, '2021-12-01 23:01:02.000000', '0000-00-00 00:00:00.000000'),
('T9917KH', 135, 2, '2021-12-01 23:01:02.000000', '0000-00-00 00:00:00.000000'),
('U1014MD', 229, 4, '2021-12-01 23:01:02.000000', '0000-00-00 00:00:00.000000'),
('U1905TO', 183, 4, '2021-12-01 23:01:02.000000', '0000-00-00 00:00:00.000000'),
('U1971YD', 159, 4, '2021-12-01 23:01:02.000000', '0000-00-00 00:00:00.000000'),
('U2526QB', 186, 3, '2021-12-01 23:01:02.000000', '0000-00-00 00:00:00.000000'),
('U2613JX', 68, 2, '2021-12-01 23:01:02.000000', '0000-00-00 00:00:00.000000'),
('U2646HI', 56, 4, '2021-12-01 23:01:02.000000', '0000-00-00 00:00:00.000000'),
('U2649WY', 58, 1, '2021-12-01 23:01:02.000000', '0000-00-00 00:00:00.000000'),
('U2656ID', 72, 5, '2021-12-01 23:01:02.000000', '0000-00-00 00:00:00.000000'),
('U2771PI', 109, 3, '2021-12-01 23:01:02.000000', '0000-00-00 00:00:00.000000'),
('U2930EQ', 12, 2, '2021-12-01 23:01:02.000000', '0000-00-00 00:00:00.000000'),
('U3023KF', 107, 3, '2021-12-01 23:01:02.000000', '0000-00-00 00:00:00.000000'),
('U3279GF', 85, 3, '2021-12-01 23:01:02.000000', '0000-00-00 00:00:00.000000'),
('U3426MG', 221, 1, '2021-12-01 23:01:02.000000', '0000-00-00 00:00:00.000000'),
('U3587UJ', 56, 4, '2021-12-01 23:01:02.000000', '0000-00-00 00:00:00.000000'),
('U3592EF', 59, 1, '2021-12-01 23:01:02.000000', '0000-00-00 00:00:00.000000'),
('U3795YL', 116, 5, '2021-12-01 23:01:02.000000', '0000-00-00 00:00:00.000000'),
('U4108PP', 216, 1, '2021-12-01 23:01:02.000000', '0000-00-00 00:00:00.000000'),
('U4118LJ', 199, 1, '2021-12-01 23:01:02.000000', '0000-00-00 00:00:00.000000'),
('U4194AH', 50, 2, '2021-12-01 23:01:02.000000', '0000-00-00 00:00:00.000000'),
('U4210SK', 218, 2, '2021-12-01 23:01:02.000000', '0000-00-00 00:00:00.000000'),
('U4349YP', 83, 2, '2021-12-01 23:01:02.000000', '0000-00-00 00:00:00.000000'),
('U4391ZD', 125, 5, '2021-12-01 23:01:02.000000', '0000-00-00 00:00:00.000000'),
('U4432YI', 43, 1, '2021-12-01 23:01:02.000000', '0000-00-00 00:00:00.000000'),
('U4906YU', 99, 1, '2021-12-01 23:01:02.000000', '0000-00-00 00:00:00.000000'),
('U5004BU', 125, 3, '2021-12-01 23:01:02.000000', '0000-00-00 00:00:00.000000'),
('U5558EM', 56, 1, '2021-12-01 23:01:02.000000', '0000-00-00 00:00:00.000000'),
('U5751WJ', 208, 2, '2021-12-01 23:01:02.000000', '0000-00-00 00:00:00.000000'),
('U5873GF', 75, 5, '2021-12-01 23:01:02.000000', '0000-00-00 00:00:00.000000'),
('U6203EL', 203, 1, '2021-12-01 23:01:02.000000', '0000-00-00 00:00:00.000000'),
('U6328VO', 7, 3, '2021-12-01 23:01:02.000000', '0000-00-00 00:00:00.000000'),
('U6338LZ', 159, 1, '2021-12-01 23:01:02.000000', '0000-00-00 00:00:00.000000'),
('U6434TW', 223, 2, '2021-12-01 23:01:02.000000', '0000-00-00 00:00:00.000000'),
('U6523TW', 132, 2, '2021-12-01 23:01:02.000000', '0000-00-00 00:00:00.000000'),
('U6680TJ', 112, 5, '2021-12-01 23:01:02.000000', '0000-00-00 00:00:00.000000'),
('U6786CP', 81, 4, '2021-12-01 23:01:02.000000', '0000-00-00 00:00:00.000000'),
('U7488FV', 130, 3, '2021-12-01 23:01:02.000000', '0000-00-00 00:00:00.000000'),
('U7722TV', 45, 4, '2021-12-01 23:01:02.000000', '0000-00-00 00:00:00.000000'),
('U7745JA', 9, 4, '2021-12-01 23:01:02.000000', '0000-00-00 00:00:00.000000'),
('U7768MB', 58, 1, '2021-12-01 23:01:02.000000', '0000-00-00 00:00:00.000000'),
('U8029XO', 152, 2, '2021-12-01 23:01:02.000000', '0000-00-00 00:00:00.000000'),
('U8144RE', 201, 3, '2021-12-01 23:01:02.000000', '0000-00-00 00:00:00.000000'),
('U8194JI', 246, 4, '2021-12-01 23:01:02.000000', '0000-00-00 00:00:00.000000'),
('U8225LX', 170, 4, '2021-12-01 23:01:02.000000', '0000-00-00 00:00:00.000000'),
('U8232VM', 178, 5, '2021-12-01 23:01:02.000000', '0000-00-00 00:00:00.000000'),
('U8305BE', 98, 3, '2021-12-01 23:01:02.000000', '0000-00-00 00:00:00.000000'),
('U8306YI', 243, 2, '2021-12-01 23:01:02.000000', '0000-00-00 00:00:00.000000'),
('U8740LC', 25, 2, '2021-12-01 23:01:02.000000', '0000-00-00 00:00:00.000000'),
('U8878KO', 35, 5, '2021-12-01 23:01:02.000000', '0000-00-00 00:00:00.000000'),
('U9010XF', 199, 5, '2021-12-01 23:01:02.000000', '0000-00-00 00:00:00.000000'),
('U9203YM', 149, 3, '2021-12-01 23:01:02.000000', '0000-00-00 00:00:00.000000'),
('U9448TE', 100, 3, '2021-12-01 23:01:02.000000', '0000-00-00 00:00:00.000000'),
('U9572WL', 213, 4, '2021-12-01 23:01:02.000000', '0000-00-00 00:00:00.000000'),
('U9602KT', 23, 1, '2021-12-01 23:01:02.000000', '0000-00-00 00:00:00.000000'),
('U9958CG', 210, 5, '2021-12-01 23:01:02.000000', '0000-00-00 00:00:00.000000'),
('V1489RZ', 144, 4, '2021-12-01 23:01:02.000000', '0000-00-00 00:00:00.000000'),
('V1878EU', 231, 1, '2021-12-01 23:01:02.000000', '0000-00-00 00:00:00.000000'),
('V2027JQ', 152, 3, '2021-12-01 23:01:02.000000', '0000-00-00 00:00:00.000000'),
('V2133GU', 8, 5, '2021-12-01 23:01:02.000000', '0000-00-00 00:00:00.000000'),
('V2224FZ', 205, 1, '2021-12-01 23:01:02.000000', '0000-00-00 00:00:00.000000'),
('V2339YF', 129, 2, '2021-12-01 23:01:02.000000', '0000-00-00 00:00:00.000000'),
('V2478WH', 156, 2, '2021-12-01 23:01:02.000000', '0000-00-00 00:00:00.000000'),
('V2487IC', 94, 4, '2021-12-01 23:01:02.000000', '0000-00-00 00:00:00.000000'),
('V2784SO', 14, 2, '2021-12-01 23:01:02.000000', '0000-00-00 00:00:00.000000'),
('V2795UC', 117, 5, '2021-12-01 23:01:02.000000', '0000-00-00 00:00:00.000000'),
('V2796ZI', 30, 3, '2021-12-01 23:01:02.000000', '0000-00-00 00:00:00.000000'),
('V2808MC', 78, 4, '2021-12-01 23:01:02.000000', '0000-00-00 00:00:00.000000'),
('V3063WS', 125, 4, '2021-12-01 23:01:02.000000', '0000-00-00 00:00:00.000000'),
('V3223IP', 93, 4, '2021-12-01 23:01:02.000000', '0000-00-00 00:00:00.000000'),
('V3235IM', 13, 3, '2021-12-01 23:01:02.000000', '0000-00-00 00:00:00.000000'),
('V3286BH', 14, 4, '2021-12-01 23:01:02.000000', '0000-00-00 00:00:00.000000'),
('V3288LP', 90, 4, '2021-12-01 23:01:02.000000', '0000-00-00 00:00:00.000000'),
('V3390WW', 247, 3, '2021-12-01 23:01:02.000000', '0000-00-00 00:00:00.000000'),
('V3491FN', 217, 5, '2021-12-01 23:01:02.000000', '0000-00-00 00:00:00.000000'),
('V3588TU', 49, 4, '2021-12-01 23:01:02.000000', '0000-00-00 00:00:00.000000'),
('V3733TH', 29, 3, '2021-12-01 23:01:02.000000', '0000-00-00 00:00:00.000000'),
('V3888HD', 192, 2, '2021-12-01 23:01:02.000000', '0000-00-00 00:00:00.000000'),
('V4017ZD', 58, 5, '2021-12-01 23:01:02.000000', '0000-00-00 00:00:00.000000'),
('V4255HG', 55, 3, '2021-12-01 23:01:02.000000', '0000-00-00 00:00:00.000000'),
('V4269LY', 145, 1, '2021-12-01 23:01:02.000000', '0000-00-00 00:00:00.000000'),
('V4285AF', 190, 3, '2021-12-01 23:01:02.000000', '0000-00-00 00:00:00.000000'),
('V4290OC', 73, 1, '2021-12-01 23:01:02.000000', '0000-00-00 00:00:00.000000'),
('V4375BW', 160, 3, '2021-12-01 23:01:02.000000', '0000-00-00 00:00:00.000000'),
('V4451ZT', 166, 2, '2021-12-01 23:01:02.000000', '0000-00-00 00:00:00.000000'),
('V4573PT', 194, 4, '2021-12-01 23:01:02.000000', '0000-00-00 00:00:00.000000'),
('V4699JO', 216, 5, '2021-12-01 23:01:02.000000', '0000-00-00 00:00:00.000000'),
('V5176PT', 82, 1, '2021-12-01 23:01:02.000000', '0000-00-00 00:00:00.000000'),
('V5193IH', 103, 3, '2021-12-01 23:01:02.000000', '0000-00-00 00:00:00.000000'),
('V5455HT', 72, 1, '2021-12-01 23:01:02.000000', '0000-00-00 00:00:00.000000'),
('V5457YL', 209, 2, '2021-12-01 23:01:02.000000', '0000-00-00 00:00:00.000000'),
('V5794WO', 210, 3, '2021-12-01 23:01:02.000000', '0000-00-00 00:00:00.000000'),
('V5836FU', 11, 1, '2021-12-01 23:01:02.000000', '0000-00-00 00:00:00.000000'),
('V6066ZD', 193, 1, '2021-12-01 23:01:02.000000', '0000-00-00 00:00:00.000000'),
('V6153IB', 168, 5, '2021-12-01 23:01:02.000000', '0000-00-00 00:00:00.000000'),
('V6304KL', 69, 4, '2021-12-01 23:01:02.000000', '0000-00-00 00:00:00.000000'),
('V6414PR', 21, 5, '2021-12-01 23:01:02.000000', '0000-00-00 00:00:00.000000'),
('V6686UK', 48, 5, '2021-12-01 23:01:02.000000', '0000-00-00 00:00:00.000000'),
('V6871QL', 100, 2, '2021-12-01 23:01:02.000000', '0000-00-00 00:00:00.000000'),
('V7020IB', 106, 2, '2021-12-01 23:01:02.000000', '0000-00-00 00:00:00.000000'),
('V7060YP', 22, 5, '2021-12-01 23:01:02.000000', '0000-00-00 00:00:00.000000'),
('V7343YC', 136, 1, '2021-12-01 23:01:02.000000', '0000-00-00 00:00:00.000000'),
('V7753SV', 62, 1, '2021-12-01 23:01:02.000000', '0000-00-00 00:00:00.000000'),
('V7853KP', 74, 4, '2021-12-01 23:01:02.000000', '0000-00-00 00:00:00.000000'),
('V8037RW', 200, 5, '2021-12-01 23:01:02.000000', '0000-00-00 00:00:00.000000'),
('V8159WC', 92, 3, '2021-12-01 23:01:02.000000', '0000-00-00 00:00:00.000000'),
('V8479OG', 104, 3, '2021-12-01 23:01:02.000000', '0000-00-00 00:00:00.000000'),
('V8529VH', 199, 4, '2021-12-01 23:01:02.000000', '0000-00-00 00:00:00.000000'),
('V8607RE', 39, 1, '2021-12-01 23:01:02.000000', '0000-00-00 00:00:00.000000'),
('V8654IG', 89, 2, '2021-12-01 23:01:02.000000', '0000-00-00 00:00:00.000000'),
('V8798LU', 59, 3, '2021-12-01 23:01:02.000000', '0000-00-00 00:00:00.000000'),
('V8826YS', 90, 3, '2021-12-01 23:01:02.000000', '0000-00-00 00:00:00.000000'),
('V8838LN', 180, 1, '2021-12-01 23:01:02.000000', '0000-00-00 00:00:00.000000'),
('V8929XK', 182, 5, '2021-12-01 23:01:02.000000', '0000-00-00 00:00:00.000000'),
('V9173QA', 58, 3, '2021-12-01 23:01:02.000000', '0000-00-00 00:00:00.000000'),
('V9458RJ', 128, 5, '2021-12-01 23:01:02.000000', '0000-00-00 00:00:00.000000'),
('V9489YK', 143, 5, '2021-12-01 23:01:02.000000', '0000-00-00 00:00:00.000000'),
('V9566OD', 188, 1, '2021-12-01 23:01:02.000000', '0000-00-00 00:00:00.000000'),
('V9698EJ', 188, 4, '2021-12-01 23:01:02.000000', '0000-00-00 00:00:00.000000'),
('V9751SU', 69, 2, '2021-12-01 23:01:02.000000', '0000-00-00 00:00:00.000000'),
('V9803FR', 98, 3, '2021-12-01 23:01:02.000000', '0000-00-00 00:00:00.000000'),
('V9907CO', 13, 1, '2021-12-01 23:01:02.000000', '0000-00-00 00:00:00.000000'),
('W1003XA', 91, 4, '2021-12-01 23:01:02.000000', '0000-00-00 00:00:00.000000'),
('W1080XA', 78, 3, '2021-12-01 23:01:02.000000', '0000-00-00 00:00:00.000000'),
('W1190FB', 245, 5, '2021-12-01 23:01:02.000000', '0000-00-00 00:00:00.000000'),
('W1254DJ', 77, 1, '2021-12-01 23:01:02.000000', '0000-00-00 00:00:00.000000'),
('W1375OO', 3, 3, '2021-12-01 23:01:02.000000', '0000-00-00 00:00:00.000000'),
('W1428CU', 237, 1, '2021-12-01 23:01:02.000000', '0000-00-00 00:00:00.000000'),
('W1905CI', 20, 5, '2021-12-01 23:01:02.000000', '0000-00-00 00:00:00.000000'),
('W1978DW', 37, 5, '2021-12-01 23:01:02.000000', '0000-00-00 00:00:00.000000'),
('W2363CE', 131, 4, '2021-12-01 23:01:02.000000', '0000-00-00 00:00:00.000000'),
('W2444ZW', 231, 4, '2021-12-01 23:01:02.000000', '0000-00-00 00:00:00.000000'),
('W2458FR', 79, 3, '2021-12-01 23:01:02.000000', '0000-00-00 00:00:00.000000'),
('W2492WI', 123, 2, '2021-12-01 23:01:02.000000', '0000-00-00 00:00:00.000000'),
('W2811ML', 35, 1, '2021-12-01 23:01:02.000000', '0000-00-00 00:00:00.000000'),
('W3137YK', 215, 4, '2021-12-01 23:01:02.000000', '0000-00-00 00:00:00.000000'),
('W3952GJ', 103, 1, '2021-12-01 23:01:02.000000', '0000-00-00 00:00:00.000000'),
('W4112DG', 174, 2, '2021-12-01 23:01:02.000000', '0000-00-00 00:00:00.000000'),
('W4243KB', 213, 2, '2021-12-01 23:01:02.000000', '0000-00-00 00:00:00.000000'),
('W4341NJ', 99, 4, '2021-12-01 23:01:02.000000', '0000-00-00 00:00:00.000000'),
('W4495NZ', 73, 4, '2021-12-01 23:01:02.000000', '0000-00-00 00:00:00.000000'),
('W4669VG', 210, 1, '2021-12-01 23:01:02.000000', '0000-00-00 00:00:00.000000'),
('W4909DH', 137, 1, '2021-12-01 23:01:02.000000', '0000-00-00 00:00:00.000000'),
('W5134UI', 138, 2, '2021-12-01 23:01:02.000000', '0000-00-00 00:00:00.000000'),
('W5196BW', 82, 4, '2021-12-01 23:01:02.000000', '0000-00-00 00:00:00.000000'),
('W5393AN', 186, 4, '2021-12-01 23:01:02.000000', '0000-00-00 00:00:00.000000'),
('W5402HT', 85, 1, '2021-12-01 23:01:02.000000', '0000-00-00 00:00:00.000000'),
('W5476DC', 204, 3, '2021-12-01 23:01:02.000000', '0000-00-00 00:00:00.000000'),
('W5509HD', 125, 3, '2021-12-01 23:01:02.000000', '0000-00-00 00:00:00.000000'),
('W5558GV', 65, 3, '2021-12-01 23:01:02.000000', '0000-00-00 00:00:00.000000'),
('W5562FK', 158, 2, '2021-12-01 23:01:02.000000', '0000-00-00 00:00:00.000000'),
('W5635MT', 60, 1, '2021-12-01 23:01:02.000000', '0000-00-00 00:00:00.000000'),
('W5996DO', 90, 5, '2021-12-01 23:01:02.000000', '0000-00-00 00:00:00.000000'),
('W5999RK', 64, 5, '2021-12-01 23:01:02.000000', '0000-00-00 00:00:00.000000'),
('W6066DU', 244, 4, '2021-12-01 23:01:02.000000', '0000-00-00 00:00:00.000000'),
('W6083JH', 209, 4, '2021-12-01 23:01:02.000000', '0000-00-00 00:00:00.000000'),
('W6107AO', 213, 5, '2021-12-01 23:01:02.000000', '0000-00-00 00:00:00.000000'),
('W6129MC', 223, 3, '2021-12-01 23:01:02.000000', '0000-00-00 00:00:00.000000'),
('W6310QL', 43, 5, '2021-12-01 23:01:02.000000', '0000-00-00 00:00:00.000000'),
('W6420ZX', 221, 1, '2021-12-01 23:01:02.000000', '0000-00-00 00:00:00.000000'),
('W6522LN', 142, 3, '2021-12-01 23:01:02.000000', '0000-00-00 00:00:00.000000'),
('W6595LV', 4, 5, '2021-12-01 23:01:02.000000', '0000-00-00 00:00:00.000000'),
('W6648KE', 1, 5, '2021-12-01 23:01:02.000000', '0000-00-00 00:00:00.000000'),
('W6859JT', 212, 4, '2021-12-01 23:01:02.000000', '0000-00-00 00:00:00.000000'),
('W6976WQ', 227, 2, '2021-12-01 23:01:02.000000', '0000-00-00 00:00:00.000000'),
('W7025PF', 227, 5, '2021-12-01 23:01:02.000000', '0000-00-00 00:00:00.000000'),
('W7108YC', 82, 5, '2021-12-01 23:01:02.000000', '0000-00-00 00:00:00.000000'),
('W7363PN', 167, 4, '2021-12-01 23:01:02.000000', '0000-00-00 00:00:00.000000'),
('W7571TW', 94, 5, '2021-12-01 23:01:02.000000', '0000-00-00 00:00:00.000000'),
('W7654QY', 106, 5, '2021-12-01 23:01:02.000000', '0000-00-00 00:00:00.000000'),
('W7696VX', 213, 1, '2021-12-01 23:01:02.000000', '0000-00-00 00:00:00.000000'),
('W7862QU', 223, 3, '2021-12-01 23:01:02.000000', '0000-00-00 00:00:00.000000'),
('W7988PJ', 167, 5, '2021-12-01 23:01:02.000000', '0000-00-00 00:00:00.000000'),
('W8003UW', 174, 4, '2021-12-01 23:01:02.000000', '0000-00-00 00:00:00.000000'),
('W8143OT', 169, 2, '2021-12-01 23:01:02.000000', '0000-00-00 00:00:00.000000'),
('W8173NQ', 59, 4, '2021-12-01 23:01:02.000000', '0000-00-00 00:00:00.000000'),
('W8261EO', 196, 3, '2021-12-01 23:01:02.000000', '0000-00-00 00:00:00.000000'),
('W8336YN', 43, 4, '2021-12-01 23:01:02.000000', '0000-00-00 00:00:00.000000'),
('W8421WT', 248, 1, '2021-12-01 23:01:02.000000', '0000-00-00 00:00:00.000000'),
('W8503SG', 241, 1, '2021-12-01 23:01:02.000000', '0000-00-00 00:00:00.000000'),
('W8654CJ', 82, 5, '2021-12-01 23:01:02.000000', '0000-00-00 00:00:00.000000'),
('W8711YQ', 42, 2, '2021-12-01 23:01:02.000000', '0000-00-00 00:00:00.000000'),
('W8764ES', 228, 1, '2021-12-01 23:01:02.000000', '0000-00-00 00:00:00.000000'),
('W9104WZ', 83, 1, '2021-12-01 23:01:02.000000', '0000-00-00 00:00:00.000000'),
('W9160CC', 177, 5, '2021-12-01 23:01:02.000000', '0000-00-00 00:00:00.000000'),
('W9226RF', 79, 2, '2021-12-01 23:01:02.000000', '0000-00-00 00:00:00.000000'),
('W9407BY', 43, 3, '2021-12-01 23:01:02.000000', '0000-00-00 00:00:00.000000'),
('W9447SZ', 175, 2, '2021-12-01 23:01:02.000000', '0000-00-00 00:00:00.000000'),
('W9539RD', 126, 2, '2021-12-01 23:01:02.000000', '0000-00-00 00:00:00.000000'),
('W9595JH', 234, 4, '2021-12-01 23:01:02.000000', '0000-00-00 00:00:00.000000'),
('W9640WP', 215, 3, '2021-12-01 23:01:02.000000', '0000-00-00 00:00:00.000000'),
('W9756LC', 45, 3, '2021-12-01 23:01:02.000000', '0000-00-00 00:00:00.000000'),
('W9815QU', 24, 5, '2021-12-01 23:01:02.000000', '0000-00-00 00:00:00.000000'),
('W9890OY', 221, 4, '2021-12-01 23:01:02.000000', '0000-00-00 00:00:00.000000'),
('X1133MS', 200, 1, '2021-12-01 23:01:02.000000', '0000-00-00 00:00:00.000000'),
('X1557YU', 12, 4, '2021-12-01 23:01:02.000000', '0000-00-00 00:00:00.000000'),
('X1592BW', 95, 1, '2021-12-01 23:01:02.000000', '0000-00-00 00:00:00.000000'),
('X1803RY', 29, 1, '2021-12-01 23:01:02.000000', '0000-00-00 00:00:00.000000'),
('X1855OH', 206, 2, '2021-12-01 23:01:02.000000', '0000-00-00 00:00:00.000000'),
('X1902SV', 139, 2, '2021-12-01 23:01:02.000000', '0000-00-00 00:00:00.000000'),
('X1972KP', 225, 5, '2021-12-01 23:01:02.000000', '0000-00-00 00:00:00.000000'),
('X2115ZZ', 195, 3, '2021-12-01 23:01:02.000000', '0000-00-00 00:00:00.000000'),
('X2358JX', 232, 5, '2021-12-01 23:01:02.000000', '0000-00-00 00:00:00.000000'),
('X2385NF', 199, 2, '2021-12-01 23:01:02.000000', '0000-00-00 00:00:00.000000'),
('X2445UJ', 227, 2, '2021-12-01 23:01:02.000000', '0000-00-00 00:00:00.000000'),
('X2642TA', 185, 3, '2021-12-01 23:01:02.000000', '0000-00-00 00:00:00.000000'),
('X2695AD', 186, 4, '2021-12-01 23:01:02.000000', '0000-00-00 00:00:00.000000'),
('X2820VF', 192, 3, '2021-12-01 23:01:02.000000', '0000-00-00 00:00:00.000000'),
('X2926CV', 204, 4, '2021-12-01 23:01:02.000000', '0000-00-00 00:00:00.000000'),
('X3120ZH', 114, 1, '2021-12-01 23:01:02.000000', '0000-00-00 00:00:00.000000'),
('X3237YW', 166, 4, '2021-12-01 23:01:02.000000', '0000-00-00 00:00:00.000000'),
('X3267DO', 111, 5, '2021-12-01 23:01:02.000000', '0000-00-00 00:00:00.000000'),
('X3363DX', 141, 1, '2021-12-01 23:01:02.000000', '0000-00-00 00:00:00.000000'),
('X3549UJ', 229, 4, '2021-12-01 23:01:02.000000', '0000-00-00 00:00:00.000000'),
('X3685KE', 155, 2, '2021-12-01 23:01:02.000000', '0000-00-00 00:00:00.000000'),
('X3835ZX', 23, 4, '2021-12-01 23:01:02.000000', '0000-00-00 00:00:00.000000'),
('X3924SI', 213, 1, '2021-12-01 23:01:02.000000', '0000-00-00 00:00:00.000000'),
('X3944FW', 220, 3, '2021-12-01 23:01:02.000000', '0000-00-00 00:00:00.000000'),
('X4405UV', 158, 5, '2021-12-01 23:01:02.000000', '0000-00-00 00:00:00.000000'),
('X4457QR', 60, 3, '2021-12-01 23:01:02.000000', '0000-00-00 00:00:00.000000'),
('X4466KH', 98, 5, '2021-12-01 23:01:02.000000', '0000-00-00 00:00:00.000000'),
('X4753YS', 188, 3, '2021-12-01 23:01:02.000000', '0000-00-00 00:00:00.000000'),
('X4823KP', 115, 1, '2021-12-01 23:01:02.000000', '0000-00-00 00:00:00.000000'),
('X4832RV', 230, 5, '2021-12-01 23:01:02.000000', '0000-00-00 00:00:00.000000'),
('X4870FF', 35, 3, '2021-12-01 23:01:02.000000', '0000-00-00 00:00:00.000000'),
('X4871TC', 198, 3, '2021-12-01 23:01:02.000000', '0000-00-00 00:00:00.000000'),
('X4965YV', 12, 5, '2021-12-01 23:01:02.000000', '0000-00-00 00:00:00.000000'),
('X5023FD', 179, 4, '2021-12-01 23:01:02.000000', '0000-00-00 00:00:00.000000'),
('X5128GD', 85, 4, '2021-12-01 23:01:02.000000', '0000-00-00 00:00:00.000000'),
('X5523YQ', 166, 1, '2021-12-01 23:01:02.000000', '0000-00-00 00:00:00.000000'),
('X5632MG', 224, 3, '2021-12-01 23:01:02.000000', '0000-00-00 00:00:00.000000'),
('X5828UK', 34, 4, '2021-12-01 23:01:02.000000', '0000-00-00 00:00:00.000000'),
('X6022OV', 163, 3, '2021-12-01 23:01:02.000000', '0000-00-00 00:00:00.000000'),
('X6223DO', 101, 4, '2021-12-01 23:01:02.000000', '0000-00-00 00:00:00.000000'),
('X6301TG', 117, 3, '2021-12-01 23:01:02.000000', '0000-00-00 00:00:00.000000'),
('X6314CS', 137, 2, '2021-12-01 23:01:02.000000', '0000-00-00 00:00:00.000000'),
('X6772OV', 163, 1, '2021-12-01 23:01:02.000000', '0000-00-00 00:00:00.000000'),
('X6795GD', 44, 3, '2021-12-01 23:01:02.000000', '0000-00-00 00:00:00.000000'),
('X6863FG', 103, 4, '2021-12-01 23:01:02.000000', '0000-00-00 00:00:00.000000'),
('X6973UB', 30, 2, '2021-12-01 23:01:02.000000', '0000-00-00 00:00:00.000000'),
('X7073UU', 2, 3, '2021-12-01 23:01:02.000000', '0000-00-00 00:00:00.000000'),
('X7090LQ', 49, 2, '2021-12-01 23:01:02.000000', '0000-00-00 00:00:00.000000'),
('X7508TF', 158, 4, '2021-12-01 23:01:02.000000', '0000-00-00 00:00:00.000000'),
('X7540OL', 67, 2, '2021-12-01 23:01:02.000000', '0000-00-00 00:00:00.000000'),
('X7555ZW', 234, 1, '2021-12-01 23:01:02.000000', '0000-00-00 00:00:00.000000'),
('X7961VQ', 6, 4, '2021-12-01 23:01:02.000000', '0000-00-00 00:00:00.000000'),
('X8059ZU', 222, 2, '2021-12-01 23:01:02.000000', '0000-00-00 00:00:00.000000'),
('X8206DN', 126, 1, '2021-12-01 23:01:02.000000', '0000-00-00 00:00:00.000000'),
('X8454DM', 87, 5, '2021-12-01 23:01:02.000000', '0000-00-00 00:00:00.000000'),
('X8597AQ', 155, 1, '2021-12-01 23:01:02.000000', '0000-00-00 00:00:00.000000'),
('X8714GR', 30, 1, '2021-12-01 23:01:02.000000', '0000-00-00 00:00:00.000000'),
('X8813SA', 150, 5, '2021-12-01 23:01:02.000000', '0000-00-00 00:00:00.000000'),
('X8902EP', 243, 5, '2021-12-01 23:01:02.000000', '0000-00-00 00:00:00.000000'),
('X9022IQ', 70, 5, '2021-12-01 23:01:02.000000', '0000-00-00 00:00:00.000000'),
('X9058XG', 186, 1, '2021-12-01 23:01:02.000000', '0000-00-00 00:00:00.000000'),
('X9238AA', 193, 2, '2021-12-01 23:01:02.000000', '0000-00-00 00:00:00.000000'),
('X9255GA', 77, 3, '2021-12-01 23:01:02.000000', '0000-00-00 00:00:00.000000'),
('X9380QB', 119, 4, '2021-12-01 23:01:02.000000', '0000-00-00 00:00:00.000000'),
('X9514UV', 236, 2, '2021-12-01 23:01:02.000000', '0000-00-00 00:00:00.000000'),
('Y1029NS', 51, 4, '2021-12-01 23:01:02.000000', '0000-00-00 00:00:00.000000'),
('Y1148BG', 23, 3, '2021-12-01 23:01:02.000000', '0000-00-00 00:00:00.000000'),
('Y1185WD', 195, 1, '2021-12-01 23:01:02.000000', '0000-00-00 00:00:00.000000'),
('Y1220WT', 183, 5, '2021-12-01 23:01:02.000000', '0000-00-00 00:00:00.000000'),
('Y1266BX', 242, 2, '2021-12-01 23:01:02.000000', '0000-00-00 00:00:00.000000'),
('Y1889UT', 85, 5, '2021-12-01 23:01:02.000000', '0000-00-00 00:00:00.000000'),
('Y1906PN', 109, 2, '2021-12-01 23:01:02.000000', '0000-00-00 00:00:00.000000'),
('Y2183TI', 140, 2, '2021-12-01 23:01:02.000000', '0000-00-00 00:00:00.000000'),
('Y2230UA', 8, 3, '2021-12-01 23:01:02.000000', '0000-00-00 00:00:00.000000'),
('Y2346IJ', 84, 2, '2021-12-01 23:01:02.000000', '0000-00-00 00:00:00.000000'),
('Y2646SF', 67, 5, '2021-12-01 23:01:02.000000', '0000-00-00 00:00:00.000000'),
('Y2718LC', 131, 1, '2021-12-01 23:01:02.000000', '0000-00-00 00:00:00.000000'),
('Y3016XP', 202, 2, '2021-12-01 23:01:02.000000', '0000-00-00 00:00:00.000000'),
('Y3028GO', 167, 5, '2021-12-01 23:01:02.000000', '0000-00-00 00:00:00.000000'),
('Y3043FY', 91, 1, '2021-12-01 23:01:02.000000', '0000-00-00 00:00:00.000000'),
('Y3053BY', 231, 2, '2021-12-01 23:01:02.000000', '0000-00-00 00:00:00.000000'),
('Y3232AL', 134, 5, '2021-12-01 23:01:02.000000', '0000-00-00 00:00:00.000000'),
('Y3283BH', 240, 4, '2021-12-01 23:01:02.000000', '0000-00-00 00:00:00.000000'),
('Y3304AS', 119, 4, '2021-12-01 23:01:02.000000', '0000-00-00 00:00:00.000000'),
('Y3467KU', 107, 2, '2021-12-01 23:01:02.000000', '0000-00-00 00:00:00.000000'),
('Y3682NY', 133, 2, '2021-12-01 23:01:02.000000', '0000-00-00 00:00:00.000000'),
('Y3699ON', 159, 3, '2021-12-01 23:01:02.000000', '0000-00-00 00:00:00.000000'),
('Y3858UF', 189, 3, '2021-12-01 23:01:02.000000', '0000-00-00 00:00:00.000000'),
('Y3879OT', 63, 3, '2021-12-01 23:01:02.000000', '0000-00-00 00:00:00.000000'),
('Y4005QN', 151, 1, '2021-12-01 23:01:02.000000', '0000-00-00 00:00:00.000000'),
('Y4011UW', 135, 3, '2021-12-01 23:01:02.000000', '0000-00-00 00:00:00.000000'),
('Y4044KC', 30, 3, '2021-12-01 23:01:02.000000', '0000-00-00 00:00:00.000000'),
('Y4120FM', 109, 2, '2021-12-01 23:01:02.000000', '0000-00-00 00:00:00.000000'),
('Y4122DD', 24, 2, '2021-12-01 23:01:02.000000', '0000-00-00 00:00:00.000000'),
('Y4125RF', 161, 4, '2021-12-01 23:01:02.000000', '0000-00-00 00:00:00.000000'),
('Y4271AU', 236, 1, '2021-12-01 23:01:02.000000', '0000-00-00 00:00:00.000000'),
('Y4287JI', 235, 5, '2021-12-01 23:01:02.000000', '0000-00-00 00:00:00.000000'),
('Y4290VI', 137, 4, '2021-12-01 23:01:02.000000', '0000-00-00 00:00:00.000000'),
('Y4386KB', 196, 5, '2021-12-01 23:01:02.000000', '0000-00-00 00:00:00.000000'),
('Y4470ZK', 148, 1, '2021-12-01 23:01:02.000000', '0000-00-00 00:00:00.000000'),
('Y4488IW', 143, 1, '2021-12-01 23:01:02.000000', '0000-00-00 00:00:00.000000'),
('Y4586OC', 44, 4, '2021-12-01 23:01:02.000000', '0000-00-00 00:00:00.000000'),
('Y4667XG', 63, 4, '2021-12-01 23:01:02.000000', '0000-00-00 00:00:00.000000'),
('Y5005XN', 170, 5, '2021-12-01 23:01:02.000000', '0000-00-00 00:00:00.000000'),
('Y5098RZ', 246, 3, '2021-12-01 23:01:02.000000', '0000-00-00 00:00:00.000000'),
('Y5149NA', 173, 4, '2021-12-01 23:01:02.000000', '0000-00-00 00:00:00.000000'),
('Y5206BW', 16, 4, '2021-12-01 23:01:02.000000', '0000-00-00 00:00:00.000000'),
('Y5321IO', 9, 1, '2021-12-01 23:01:02.000000', '0000-00-00 00:00:00.000000'),
('Y5327WE', 148, 1, '2021-12-01 23:01:02.000000', '0000-00-00 00:00:00.000000'),
('Y5394BL', 153, 4, '2021-12-01 23:01:02.000000', '0000-00-00 00:00:00.000000'),
('Y5532TR', 99, 4, '2021-12-01 23:01:02.000000', '0000-00-00 00:00:00.000000'),
('Y5592BI', 68, 3, '2021-12-01 23:01:02.000000', '0000-00-00 00:00:00.000000'),
('Y5792SC', 68, 1, '2021-12-01 23:01:02.000000', '0000-00-00 00:00:00.000000'),
('Y5894MK', 241, 1, '2021-12-01 23:01:02.000000', '0000-00-00 00:00:00.000000'),
('Y6061GK', 97, 5, '2021-12-01 23:01:02.000000', '0000-00-00 00:00:00.000000'),
('Y6151UX', 127, 2, '2021-12-01 23:01:02.000000', '0000-00-00 00:00:00.000000'),
('Y6185WN', 207, 4, '2021-12-01 23:01:02.000000', '0000-00-00 00:00:00.000000'),
('Y6301OM', 211, 5, '2021-12-01 23:01:02.000000', '0000-00-00 00:00:00.000000'),
('Y6632KU', 197, 4, '2021-12-01 23:01:02.000000', '0000-00-00 00:00:00.000000'),
('Y6743TG', 183, 2, '2021-12-01 23:01:02.000000', '0000-00-00 00:00:00.000000'),
('Y6808GO', 105, 3, '2021-12-01 23:01:02.000000', '0000-00-00 00:00:00.000000'),
('Y6998DK', 65, 1, '2021-12-01 23:01:02.000000', '0000-00-00 00:00:00.000000'),
('Y7238NV', 144, 1, '2021-12-01 23:01:02.000000', '0000-00-00 00:00:00.000000'),
('Y7335KW', 112, 4, '2021-12-01 23:01:02.000000', '0000-00-00 00:00:00.000000'),
('Y7366TU', 144, 4, '2021-12-01 23:01:02.000000', '0000-00-00 00:00:00.000000'),
('Y7385OK', 55, 3, '2021-12-01 23:01:02.000000', '0000-00-00 00:00:00.000000'),
('Y7523GE', 150, 1, '2021-12-01 23:01:02.000000', '0000-00-00 00:00:00.000000'),
('Y7654YR', 97, 1, '2021-12-01 23:01:02.000000', '0000-00-00 00:00:00.000000'),
('Y7668CJ', 11, 5, '2021-12-01 23:01:02.000000', '0000-00-00 00:00:00.000000'),
('Y7698CW', 20, 3, '2021-12-01 23:01:02.000000', '0000-00-00 00:00:00.000000'),
('Y7769YS', 37, 2, '2021-12-01 23:01:02.000000', '0000-00-00 00:00:00.000000'),
('Y8146NT', 31, 2, '2021-12-01 23:01:02.000000', '0000-00-00 00:00:00.000000'),
('Y8182OH', 193, 4, '2021-12-01 23:01:02.000000', '0000-00-00 00:00:00.000000'),
('Y8229FD', 105, 5, '2021-12-01 23:01:02.000000', '0000-00-00 00:00:00.000000'),
('Y8300GD', 17, 5, '2021-12-01 23:01:02.000000', '0000-00-00 00:00:00.000000'),
('Y8391CW', 76, 4, '2021-12-01 23:01:02.000000', '0000-00-00 00:00:00.000000'),
('Y8576CL', 12, 3, '2021-12-01 23:01:02.000000', '0000-00-00 00:00:00.000000'),
('Y8867LM', 212, 1, '2021-12-01 23:01:02.000000', '0000-00-00 00:00:00.000000'),
('Y8943MM', 222, 5, '2021-12-01 23:01:02.000000', '0000-00-00 00:00:00.000000'),
('Y9003DA', 51, 4, '2021-12-01 23:01:02.000000', '0000-00-00 00:00:00.000000'),
('Y9011RB', 178, 1, '2021-12-01 23:01:02.000000', '0000-00-00 00:00:00.000000'),
('Y9018DR', 105, 4, '2021-12-01 23:01:02.000000', '0000-00-00 00:00:00.000000'),
('Y9263QJ', 147, 2, '2021-12-01 23:01:02.000000', '0000-00-00 00:00:00.000000'),
('Y9431YC', 106, 4, '2021-12-01 23:01:02.000000', '0000-00-00 00:00:00.000000'),
('Y9454IV', 163, 4, '2021-12-01 23:01:02.000000', '0000-00-00 00:00:00.000000'),
('Y9646LO', 3, 5, '2021-12-01 23:01:02.000000', '0000-00-00 00:00:00.000000'),
('Y9799NG', 209, 2, '2021-12-01 23:01:02.000000', '0000-00-00 00:00:00.000000'),
('Z1061EG', 79, 4, '2021-12-01 23:01:02.000000', '0000-00-00 00:00:00.000000'),
('Z1297RU', 142, 4, '2021-12-01 23:01:02.000000', '0000-00-00 00:00:00.000000'),
('Z1440BS', 201, 1, '2021-12-01 23:01:02.000000', '0000-00-00 00:00:00.000000'),
('Z1565XY', 75, 2, '2021-12-01 23:01:02.000000', '0000-00-00 00:00:00.000000'),
('Z1764KU', 212, 2, '2021-12-01 23:01:02.000000', '0000-00-00 00:00:00.000000'),
('Z2182TA', 105, 1, '2021-12-01 23:01:02.000000', '0000-00-00 00:00:00.000000'),
('Z3121YP', 189, 2, '2021-12-01 23:01:02.000000', '0000-00-00 00:00:00.000000'),
('Z3203NS', 96, 3, '2021-12-01 23:01:02.000000', '0000-00-00 00:00:00.000000'),
('Z3217IX', 188, 2, '2021-12-01 23:01:02.000000', '0000-00-00 00:00:00.000000'),
('Z3481EO', 38, 4, '2021-12-01 23:01:02.000000', '0000-00-00 00:00:00.000000'),
('Z3494ZV', 19, 5, '2021-12-01 23:01:02.000000', '0000-00-00 00:00:00.000000'),
('Z3593HP', 184, 1, '2021-12-01 23:01:02.000000', '0000-00-00 00:00:00.000000'),
('Z3594QT', 203, 5, '2021-12-01 23:01:02.000000', '0000-00-00 00:00:00.000000'),
('Z3675GL', 67, 5, '2021-12-01 23:01:02.000000', '0000-00-00 00:00:00.000000'),
('Z3755NT', 88, 4, '2021-12-01 23:01:02.000000', '0000-00-00 00:00:00.000000'),
('Z4033LZ', 91, 5, '2021-12-01 23:01:02.000000', '0000-00-00 00:00:00.000000'),
('Z4287NT', 29, 5, '2021-12-01 23:01:02.000000', '0000-00-00 00:00:00.000000'),
('Z4444PA', 35, 3, '2021-12-01 23:01:02.000000', '0000-00-00 00:00:00.000000'),
('Z4526GP', 178, 3, '2021-12-01 23:01:02.000000', '0000-00-00 00:00:00.000000'),
('Z4537NZ', 162, 2, '2021-12-01 23:01:02.000000', '0000-00-00 00:00:00.000000'),
('Z4609KG', 98, 2, '2021-12-01 23:01:02.000000', '0000-00-00 00:00:00.000000'),
('Z4753VX', 198, 5, '2021-12-01 23:01:02.000000', '0000-00-00 00:00:00.000000'),
('Z4873DE', 92, 5, '2021-12-01 23:01:02.000000', '0000-00-00 00:00:00.000000'),
('Z5108KH', 101, 4, '2021-12-01 23:01:02.000000', '0000-00-00 00:00:00.000000'),
('Z5119DH', 129, 5, '2021-12-01 23:01:02.000000', '0000-00-00 00:00:00.000000'),
('Z5134LX', 101, 3, '2021-12-01 23:01:02.000000', '0000-00-00 00:00:00.000000'),
('Z5266KB', 149, 2, '2021-12-01 23:01:02.000000', '0000-00-00 00:00:00.000000'),
('Z5362RE', 100, 3, '2021-12-01 23:01:02.000000', '0000-00-00 00:00:00.000000'),
('Z5393RI', 233, 3, '2021-12-01 23:01:02.000000', '0000-00-00 00:00:00.000000'),
('Z5400HF', 236, 5, '2021-12-01 23:01:02.000000', '0000-00-00 00:00:00.000000'),
('Z5426PH', 64, 2, '2021-12-01 23:01:02.000000', '0000-00-00 00:00:00.000000'),
('Z5595EC', 208, 3, '2021-12-01 23:01:02.000000', '0000-00-00 00:00:00.000000'),
('Z5763BN', 86, 1, '2021-12-01 23:01:02.000000', '0000-00-00 00:00:00.000000'),
('Z6253MM', 240, 2, '2021-12-01 23:01:02.000000', '0000-00-00 00:00:00.000000'),
('Z6268FY', 17, 3, '2021-12-01 23:01:02.000000', '0000-00-00 00:00:00.000000'),
('Z6508DQ', 119, 2, '2021-12-01 23:01:02.000000', '0000-00-00 00:00:00.000000'),
('Z6516KE', 151, 4, '2021-12-01 23:01:02.000000', '0000-00-00 00:00:00.000000'),
('Z6809WU', 4, 1, '2021-12-01 23:01:02.000000', '0000-00-00 00:00:00.000000'),
('Z6847KM', 180, 3, '2021-12-01 23:01:02.000000', '0000-00-00 00:00:00.000000'),
('Z7020SS', 197, 5, '2021-12-01 23:01:02.000000', '0000-00-00 00:00:00.000000'),
('Z7023NF', 168, 1, '2021-12-01 23:01:02.000000', '0000-00-00 00:00:00.000000'),
('Z7104WE', 207, 2, '2021-12-01 23:01:02.000000', '0000-00-00 00:00:00.000000'),
('Z7255TJ', 171, 4, '2021-12-01 23:01:02.000000', '0000-00-00 00:00:00.000000'),
('Z7483WT', 63, 2, '2021-12-01 23:01:02.000000', '0000-00-00 00:00:00.000000'),
('Z7992CQ', 182, 5, '2021-12-01 23:01:02.000000', '0000-00-00 00:00:00.000000'),
('Z8019MR', 54, 3, '2021-12-01 23:01:02.000000', '0000-00-00 00:00:00.000000'),
('Z8020NH', 3, 4, '2021-12-01 23:01:02.000000', '0000-00-00 00:00:00.000000'),
('Z8060NJ', 73, 3, '2021-12-01 23:01:02.000000', '0000-00-00 00:00:00.000000'),
('Z8443VB', 174, 4, '2021-12-01 23:01:02.000000', '0000-00-00 00:00:00.000000'),
('Z8536WT', 40, 4, '2021-12-01 23:01:02.000000', '0000-00-00 00:00:00.000000'),
('Z8693XL', 175, 3, '2021-12-01 23:01:02.000000', '0000-00-00 00:00:00.000000'),
('Z8846ES', 237, 5, '2021-12-01 23:01:02.000000', '0000-00-00 00:00:00.000000'),
('Z9246FC', 20, 4, '2021-12-01 23:01:02.000000', '0000-00-00 00:00:00.000000'),
('Z9256DP', 162, 5, '2021-12-01 23:01:02.000000', '0000-00-00 00:00:00.000000'),
('Z9261UJ', 24, 4, '2021-12-01 23:01:02.000000', '0000-00-00 00:00:00.000000'),
('Z9301HC', 159, 5, '2021-12-01 23:01:02.000000', '0000-00-00 00:00:00.000000'),
('Z9456RX', 29, 2, '2021-12-01 23:01:02.000000', '0000-00-00 00:00:00.000000'),
('Z9469GR', 11, 2, '2021-12-01 23:01:02.000000', '0000-00-00 00:00:00.000000'),
('Z9691FR', 163, 5, '2021-12-01 23:01:02.000000', '0000-00-00 00:00:00.000000'),
('Z9799VU', 39, 2, '2021-12-01 23:01:02.000000', '0000-00-00 00:00:00.000000'),
('Z9816RP', 44, 5, '2021-12-01 23:01:02.000000', '0000-00-00 00:00:00.000000'),
('Z9923NI', 196, 1, '2021-12-01 23:01:02.000000', '0000-00-00 00:00:00.000000');

-- --------------------------------------------------------

--
-- Table structure for table `storage`
--

CREATE TABLE `storage` (
  `id` int(4) NOT NULL,
  `name` varchar(50) CHARACTER SET utf8mb4 NOT NULL,
  `address` varchar(255) CHARACTER SET utf8mb4 NOT NULL,
  `manager` int(4) NOT NULL
) ENGINE=InnoDB DEFAULT CHARSET=utf8mb4 COLLATE=utf8mb4_vietnamese_ci;

--
-- Dumping data for table `storage`
--

INSERT INTO `storage` (`id`, `name`, `address`, `manager`) VALUES
(1, 'Main', 'So 1 Dai Co viet', 1),
(2, 'Parabolla', 'So 1 Giai phong', 2),
(3, 'Stadium', 'San van dong bach khoa', 3),
(4, 'Sixth Floor', 'tang 6 thu vien ta quang buu', 4),
(5, 'Dorm', 'ki tuc xa', 5);

-- --------------------------------------------------------

--
-- Table structure for table `user`
--

CREATE TABLE `user` (
  `id` int(4) NOT NULL,
  `name` varchar(50) DEFAULT NULL,
  `avt` varchar(10) DEFAULT NULL,
  `email` varchar(50) DEFAULT NULL,
  `password` varchar(50) DEFAULT NULL,
  `address` varchar(255) DEFAULT NULL,
  `token` int(4) DEFAULT NULL,
  `function` int(4) DEFAULT NULL
) ENGINE=InnoDB DEFAULT CHARSET=utf8mb4;

--
-- Dumping data for table `user`
--

INSERT INTO `user` (`id`, `name`, `avt`, `email`, `password`, `address`, `token`, `function`) VALUES
(1, 'John', 'link to av', 'john@gmail.com', '111111', 'address of John', 0, 0),
(2, 'Anna', 'link to av', 'anna@gmail.com', '222222', 'address of Anna', 0, 0),
(3, 'Smith', 'link to av', 'smith@gmail.com', '333333', 'address of Smith', 0, 0),
(4, 'Linda', 'link to av', 'linda@gmail.com', '444444', 'address of Linda', 0, 0),
(5, 'Peter', 'link to av', 'peter@gmail.com', '555555', 'address of Peter', 0, 0),
(6, 'Tuan', 'link to av', 'tuan@gmail.com', '666666', 'address of Tuan', 0, 0),
(7, 'Lan', 'link to av', 'lan@gmail.com', '777777', 'address of Lan', 0, 0),
(8, 'Usagi', 'link to av', 'usagi@gmail.com', '888888', 'address of Usagi', 0, 0),
(9, 'Nobita', 'link to av', 'nobita@gmail.com', '999999', 'address of Nobita', 0, 0),
(10, 'Kerry', 'link to av', 'kerry@gmail.com', '123123', 'address of Kerry', 0, 0);

-- --------------------------------------------------------

--
-- Table structure for table `_datatype`
--

CREATE TABLE `_datatype` (
  `id` int(255) NOT NULL,
  `name` text DEFAULT NULL,
  `info` longtext CHARACTER SET utf8mb4 COLLATE utf8mb4_bin DEFAULT NULL CHECK (json_valid(`info`)),
  `time` text DEFAULT NULL
) ENGINE=InnoDB DEFAULT CHARSET=utf8mb4;

--
-- Dumping data for table `_datatype`
--

INSERT INTO `_datatype` (`id`, `name`, `info`, `time`) VALUES
(1, 'John', '{\"age\":20,\"city\":\"london\",\"gender\":\"male\",\"mark\":{\"math\":10,\"english\":{\"listening\":9,\"reading\":8},\"french\":[7,6]},\"favor\":[\"tennis\",\"violin\"]}', NULL),
(2, 'Anna', '{\"age\":21,\"city\":\"paris\",\"gender\":\"female\",\"mark\":{\"math\":9,\"english\":{\"listening\":9,\"reading\":7},\"french\":[7,5]},\"favor\":[\"football\",\"karate\"]}', NULL),
(3, 'Linda', '{\"age\":19,\"city\":\"london\",\"gender\":\"female\",\"mark\":{\"math\":7,\"english\":{\"listening\":6,\"reading\":9},\"french\":[2,9]},\"favor\":[\"karate\",\"violin\"]}', NULL),
(4, 'Adam', '{\"age\":25,\"city\":\"tokyo\",\"gender\":\"male\",\"mark\":{\"math\":10,\"english\":{\"listening\":9,\"reading\":7},\"french\":[9,8]},\"favor\":[\"basketball\",\"ballet\"]}', NULL),
(6, 'Linda', '{\"age\":21,\"city\":\"paris\",\"gender\":\"female\",\"mark\":{\"math\":9,\"english\":{\"listening\":9,\"reading\":7},\"french\":[7,5]},\"favor\":[\"football\",\"karate\"]}', NULL),
(8, 'peter', '{\"age\":\"27\",\"city\":\"tokyo\",\"gender\":\"male\",\"mark\":{\"math\":\"1\",\"english\":{\"listening\":\"2\",\"reading\":\"3\"},\"french\":[\"4\",\"5\"]},\"favor\":[\"tennis\",\"football\"]}', NULL),
(10, 'Smith', '{\"age\":\"27\",\"city\":\"tokyo\",\"gender\":\"male\",\"mark\":{\"math\":\"1\",\"english\":{\"listening\":\"2\",\"reading\":\"3\"},\"french\":[\"4\",\"5\"]},\"favor\":[\"tennis\",\"football\"]}', NULL);

--
-- Indexes for dumped tables
--

--
-- Indexes for table `admin`
--
ALTER TABLE `admin`
  ADD PRIMARY KEY (`id`);

--
-- Indexes for table `bill`
--
ALTER TABLE `bill`
  ADD PRIMARY KEY (`id`);

--
-- Indexes for table `category`
--
ALTER TABLE `category`
  ADD PRIMARY KEY (`id`);

--
-- Indexes for table `comment`
--
ALTER TABLE `comment`
  ADD PRIMARY KEY (`id`);

--
-- Indexes for table `import`
--
ALTER TABLE `import`
  ADD PRIMARY KEY (`id`);

--
-- Indexes for table `item`
--
ALTER TABLE `item`
  ADD PRIMARY KEY (`id`);

--
-- Indexes for table `product`
--
ALTER TABLE `product`
  ADD PRIMARY KEY (`id`);

--
-- Indexes for table `storage`
--
ALTER TABLE `storage`
  ADD PRIMARY KEY (`id`);

--
-- Indexes for table `user`
--
ALTER TABLE `user`
  ADD PRIMARY KEY (`id`);

--
-- Indexes for table `_datatype`
--
ALTER TABLE `_datatype`
  ADD PRIMARY KEY (`id`);

--
-- AUTO_INCREMENT for dumped tables
--

--
-- AUTO_INCREMENT for table `admin`
--
ALTER TABLE `admin`
  MODIFY `id` int(4) NOT NULL AUTO_INCREMENT, AUTO_INCREMENT=7;

--
-- AUTO_INCREMENT for table `bill`
--
ALTER TABLE `bill`
  MODIFY `id` int(4) NOT NULL AUTO_INCREMENT, AUTO_INCREMENT=6;

--
-- AUTO_INCREMENT for table `category`
--
ALTER TABLE `category`
  MODIFY `id` int(4) NOT NULL AUTO_INCREMENT, AUTO_INCREMENT=4;

--
-- AUTO_INCREMENT for table `comment`
--
ALTER TABLE `comment`
  MODIFY `id` int(4) NOT NULL AUTO_INCREMENT, AUTO_INCREMENT=31;

--
-- AUTO_INCREMENT for table `item`
--
ALTER TABLE `item`
  MODIFY `id` int(4) NOT NULL AUTO_INCREMENT, AUTO_INCREMENT=249;

--
-- AUTO_INCREMENT for table `user`
--
ALTER TABLE `user`
  MODIFY `id` int(4) NOT NULL AUTO_INCREMENT, AUTO_INCREMENT=15;

--
-- AUTO_INCREMENT for table `_datatype`
--
ALTER TABLE `_datatype`
  MODIFY `id` int(255) NOT NULL AUTO_INCREMENT, AUTO_INCREMENT=12;
COMMIT;

/*!40101 SET CHARACTER_SET_CLIENT=@OLD_CHARACTER_SET_CLIENT */;
/*!40101 SET CHARACTER_SET_RESULTS=@OLD_CHARACTER_SET_RESULTS */;
/*!40101 SET COLLATION_CONNECTION=@OLD_COLLATION_CONNECTION */;
